{"stats":{"minecraft:custom":{"minecraft:animals_bred":1,"minecraft:interact_with_crafting_table":46,"minecraft:open_barrel":7,"minecraft:bell_ring":33,"minecraft:eat_cake_slice":9,"minecraft:leave_game":18,"minecraft:time_since_death":13690,"minecraft:sprint_one_cm":1669050,"minecraft:drop":191,"minecraft:talked_to_villager":910,"minecraft:play_time":735034,"minecraft:deaths":27,"minecraft:interact_with_brewingstand":3,"minecraft:jump":11163,"minecraft:walk_on_water_one_cm":60222,"minecraft:interact_with_furnace":27,"minecraft:traded_with_villager":145,"minecraft:interact_with_loom":9,"minecraft:sleep_in_bed":38,"tombstone:sneak_grave":1,"minecraft:damage_dealt":38363,"minecraft:crouch_one_cm":39334,"tombstone:undead_killed":37,"tombstone:villager_killed":5,"minecraft:interact_with_smoker":1,"minecraft:interact_with_smithing_table":2,"minecraft:interact_with_anvil":1,"minecraft:mob_kills":142,"minecraft:damage_dealt_resisted":1248,"minecraft:climb_one_cm":60540,"minecraft:walk_one_cm":1840457,"minecraft:sneak_time":14423,"minecraft:walk_under_water_one_cm":18946,"minecraft:boat_one_cm":217501,"minecraft:interact_with_blast_furnace":11,"minecraft:total_world_time":735034,"tombstone:raider_killed":8,"minecraft:pot_flower":1,"minecraft:time_since_rest":13328,"minecraft:damage_absorbed":99,"minecraft:damage_taken":19301,"tombstone:cast_on_ally":0,"minecraft:swim_one_cm":123743,"minecraft:fly_one_cm":2307493,"minecraft:open_chest":252,"minecraft:fall_one_cm":257568},"minecraft:crafted":{"minecraft:smooth_stone":3,"minecraft:oak_planks":228,"iceandfire:deathworm_yellow_chestplate":1,"minecraft:stone":3,"minecraft:bookshelf":3,"alexscaves:cave_book":1,"luminousworld:palmplank":40,"iceandfire:deathworm_red_boots":1,"minecraft:oak_slab":6,"minecraft:emerald":116,"sophisticatedbackpacks:backpack":2,"minecraft:crafting_table":6,"minecraft:acacia_slab":6,"iceandfire:armor_red_chestplate":1,"minecraft:smithing_table":1,"minecraft:fletching_table":2,"minecraft:acacia_button":1,"minecraft:cartography_table":1,"minecraft:lectern":1,"minecraft:iron_chestplate":4,"minecraft:paper":624,"minecraft:stick":2680,"minecraft:iron_ingot":12,"minecraft:iron_pickaxe":3,"minecraft:compass":1,"minecraft:sandstone":19,"iceandfire:armor_bronze_helmet":1,"iceandfire:deathworm_yellow_boots":1,"minecraft:stone_shovel":1,"quark:jungle_chest":2,"minecraft:furnace":1,"minecraft:blast_furnace":1,"alexscaves:cave_map":1,"aether:red_cape":1,"minecraft:leather":1,"minecraft:iron_axe":3,"minecraft:ladder":8,"minecraft:filled_map":1,"minecraft:chiseled_sandstone":1,"minecraft:dark_oak_planks":52,"minecraft:wheat":306,"sophisticatedbackpacks:iron_backpack":2,"minecraft:cyan_bed":1,"minecraft:iron_sword":1,"minecraft:mangrove_planks":64,"minecraft:bone":6,"minecraft:stone_axe":14,"minecraft:jungle_planks":172,"minecraft:bread":143,"minecraft:air":0,"iceandfire:armor_red_helmet":1,"supplementaries:speaker_block":1,"minecraft:oak_boat":1,"minecraft:wooden_axe":2,"minecraft:iron_leggings":4,"minecraft:white_bed":2,"iceandfire:armor_bronze_leggings":1,"minecraft:acacia_planks":320,"minecraft:torch":280},"minecraft:mined":{"minecraft:large_amethyst_bud":3,"create:deepslate_zinc_ore":33,"minecraft:white_bed":2,"minecraft:pink_bed":1,"placeablesmod:cooked_beef_block":2,"minecraft:jungle_leaves":8,"minecraft:brewing_stand":2,"minecraft:granite":4,"minecraft:acacia_log":96,"minecraft:grass_block":7,"minecraft:infested_cobblestone":1,"minecraft:jungle_log":11,"minecraft:light_gray_bed":6,"minecraft:composter":11,"supplementaries:speaker_block":2,"minecraft:chiseled_stone_bricks":5,"luminousworld:savanna_grass_2":1,"ecologics:prickly_pear":1,"minecraft:glowstone":1,"minecraft:iron_ore":38,"minecraft:fire":3,"minecraft:pumpkin":7,"minecraft:deepslate_lapis_ore":4,"minecraft:fletching_table":10,"supplementaries:stick":6,"iceandfire:gold_pile":12,"minecraft:water_cauldron":2,"minecraft:oak_stairs":2,"minecraft:green_bed":1,"minecraft:sandstone_slab":6,"luminousworld:tall_deadbush":1,"minecraft:melon_stem":11,"minecraft:medium_amethyst_bud":1,"minecraft:amethyst_cluster":5,"minecraft:torch":13,"born_in_chaos_v1:infected_deepslate_diamond_ore":3,"minecraft:calcite":2,"minecraft:blast_furnace":22,"minecraft:melon":6,"minecraft:chest":1,"create:scoria":2,"minecraft:dead_bush":5,"minecraft:cobblestone":6,"minecraft:oak_planks":29,"minecraft:sugar_cane":531,"minecraft:cyan_bed":4,"minecraft:grindstone":6,"placeablesmod:bread_full_block":1,"minecraft:wall_torch":12,"minecraft:amethyst_block":3,"minecraft:cyan_wool":6,"minecraft:acacia_sapling":1,"minecraft:jungle_wood":38,"minecraft:wheat":48,"minecraft:tnt":2,"minecraft:potted_poppy":1,"minecraft:grass":9,"quark:birch_chest":8,"minecraft:oak_log":175,"minecraft:beetroots":99,"minecraft:sand":89,"minecraft:smooth_basalt":4,"minecraft:mangrove_log":33,"luminousworld:palm_log":10,"minecraft:netherrack":4,"luminousworld:savannah_grass_4":2,"minecraft:oak_leaves":31,"minecraft:deepslate":80,"luminousworld:savannah_ground":1,"minecraft:attached_pumpkin_stem":7,"create:zinc_ore":31,"alexscaves:spelunkery_table":4,"luminousworld:grassvariant_4":1,"minecraft:deepslate_diamond_ore":9,"minecraft:mangrove_roots":6,"born_in_chaos_v1:infected_diamond_ore":2,"minecraft:jungle_planks":11,"minecraft:acacia_button":1,"create:ochrum":1,"minecraft:cartography_table":4,"minecraft:sandstone":29,"minecraft:hay_block":25,"minecraft:furnace":4,"minecraft:carrots":33,"minecraft:andesite":21,"minecraft:gold_block":4,"minecraft:bell":1,"minecraft:bookshelf":24,"minecraft:potatoes":52,"minecraft:deepslate_iron_ore":10,"minecraft:vine":1,"minecraft:stripped_oak_log":50,"minecraft:stone":116,"minecraft:white_wool":23,"minecraft:smithing_table":3,"minecraft:oak_slab":4,"minecraft:acacia_leaves":20,"minecraft:glass_pane":6,"minecraft:red_wool":6,"minecraft:crafting_table":4,"luminousworld:savannah_grass_1":3,"minecraft:lectern":475,"minecraft:copper_ore":70,"minecraft:lapis_ore":2,"minecraft:deepslate_gold_ore":12,"minecraft:diorite":11,"supplementaries:urn":40,"minecraft:purple_bed":3,"minecraft:light_blue_bed":1,"minecraft:gray_bed":3,"minecraft:spruce_log":1,"minecraft:mangrove_leaves":31,"minecraft:yellow_bed":2,"iceandfire:silver_pile":1,"minecraft:coal_ore":157,"luminousworld:ishstone":22,"minecraft:gravel":53,"minecraft:acacia_planks":3,"minecraft:stone_bricks":1,"luminousworld:elephant_grass":4,"minecraft:gold_ore":5,"minecraft:birch_fence":14,"minecraft:fern":3,"minecraft:dark_oak_planks":4,"undead_revamp2:arapholia":1},"minecraft:broken":{"iceandfire:deathworm_yellow_boots":1,"minecraft:iron_leggings":1,"mowziesmobs:umvuthana_mask_rage":1,"minecraft:stone_axe":8,"minecraft:iron_sword":1,"iceandfire:armor_bronze_helmet":1,"minecraft:wooden_axe":2,"iceandfire:deathworm_yellow_chestplate":1,"minecraft:iron_axe":2,"minecraft:iron_pickaxe":3},"minecraft:used":{"minecraft:beetroot":15,"minecraft:writable_book":3,"minecraft:bone_block":3,"minecraft:ladder":8,"minecraft:chest":1,"minecraft:iron_sword":221,"minecraft:bell":1,"luminousworld:savannah_ground":1,"minecraft:rotten_flesh":6,"minecraft:cocoa_beans":12,"minecraft:jungle_planks":132,"iceandfire:deathworm_yellow_chestplate":1,"ecologics:prickly_pear":2,"minecraft:acacia_sapling":4,"minecraft:acacia_button":4,"minecraft:tuff":1,"born_in_chaos_v1:corpse_maggot":4,"minecraft:light_blue_bed":1,"born_in_chaos_v1:gnawed_bones":1,"minecraft:stone_bricks":1,"iceandfire:deathworm_red_boots":1,"minecraft:mangrove_roots":5,"supplementaries:ash":5,"minecraft:oak_sapling":31,"minecraft:furnace":3,"minecraft:gray_bed":3,"minecraft:beetroot_seeds":205,"minecraft:gold_block":2,"iceandfire:armor_bronze_helmet":1,"minecraft:oak_planks":64,"minecraft:sandstone":44,"minecraft:composter":4,"minecraft:sugar_cane":84,"minecraft:glow_berries":1,"minecraft:golden_apple":3,"minecraft:sand":29,"alexscaves:cave_book":2,"minecraft:blast_furnace":23,"minecraft:pumpkin_seeds":16,"minecraft:birch_fence":6,"minecraft:chiseled_sandstone":1,"minecraft:bread":233,"minecraft:cyan_bed":5,"minecraft:lectern":475,"tombstone:grave_key":8,"minecraft:gravel":26,"minecraft:grindstone":6,"minecraft:andesite":1,"minecraft:smithing_table":4,"minecraft:oak_boat":2,"tombstone:scroll_of_lightning_resistance":1,"minecraft:experience_bottle":2,"sophisticatedbackpacks:iron_backpack":1,"quark:birch_chest":8,"minecraft:acacia_log":5,"minecraft:stone_shovel":26,"minecraft:netherrack":4,"create:ochrum":1,"minecraft:stick":6,"minecraft:torch":342,"minecraft:dirt":7,"minecraft:dark_oak_planks":52,"minecraft:wooden_axe":115,"minecraft:iron_axe":475,"minecraft:oak_stairs":1,"minecraft:acacia_slab":2,"supplementaries:speaker_block":3,"minecraft:totem_of_undying":1,"minecraft:melon_seeds":21,"alexscaves:spelunkery_table":3,"minecraft:light_gray_bed":6,"alexsmobs:banana":1,"tombstone:gift":5,"undead_revamp2:arapholia":1,"minecraft:cooked_beef":3,"minecraft:cobbled_deepslate":67,"minecraft:acacia_planks":34,"minecraft:pumpkin":7,"minecraft:wheat_seeds":55,"minecraft:yellow_banner":1,"minecraft:cartography_table":4,"minecraft:green_bed":1,"luminousworld:ishstone":4,"minecraft:fletching_table":11,"iceandfire:deathworm_yellow_boots":1,"minecraft:oak_slab":9,"minecraft:crafting_table":8,"minecraft:white_bed":4,"minecraft:oak_log":7,"minecraft:flower_pot":1,"minecraft:iron_pickaxe":774,"tombstone:magic_scroll":8,"minecraft:pink_bed":1,"minecraft:stone_axe":867,"minecraft:chiseled_stone_bricks":5,"minecraft:cobblestone":48,"minecraft:potion":8,"minecraft:purple_bed":3,"minecraft:sandstone_slab":5,"minecraft:yellow_bed":2,"minecraft:chainmail_leggings":1},"minecraft:killed":{"illagerinvasion:archivist":2,"alexsmobs:lobster":1,"minecraft:spider":1,"undead_revamp2:thesmoker":2,"illagerinvasion:basher":1,"naturalist:snail":1,"minecraft:skeleton":2,"illagerinvasion:provoker":2,"minecraft:silverfish":3,"enemyexpansion:vampflyer":1,"artifacts:mimic":1,"minecraft:pig":1,"luminousworld:hollow":4,"born_in_chaos_v1:diamond_termite":9,"minecraft:iron_golem":7,"undead_revamp2:theheavy":1,"born_in_chaos_v1:dread_hound_not_despawn":4,"illagerinvasion:alchemist":1,"minecraft:creeper":2,"born_in_chaos_v1:zombie_fisherman":1,"luminousworld:savannah_skeleton":4,"minecraft:zombie":2,"born_in_chaos_v1:dread_hound":5,"born_in_chaos_v1:corpse_fly":12,"enemyexpansion:botfly":2,"enemyexpansion:trollenraged":1,"iceandfire:sea_serpent":1,"minecraft:evoker":1,"undead_revamp2:thegliter":1,"illagerinvasion:marauder":1,"quark:toretoise":1,"alexsmobs:seagull":1,"enemyexpansion:direwolf":5,"born_in_chaos_v1:maggot":3,"iceandfire:fire_dragon":2,"takesapillage:clay_golem":3,"iceandfire:deathworm":2,"enemyexpansion:goblin":1,"luminousworld:savannah_zombie":3,"enemyexpansion:scorpion":1,"born_in_chaos_v1:bone_imp_minion":1,"born_in_chaos_v1:baby_skeleton":1,"undead_revamp2:the_moonflower":4,"enemyexpansion:sprinter":1,"minecraft:wandering_trader":1,"mowziesmobs:umvuthana_follower_raptor":5,"born_in_chaos_v1:decrepit_skeleton":4,"undead_revamp2:thesomnolence":2,"born_in_chaos_v1:decaying_zombie":1,"iceandfire:ghost":3,"born_in_chaos_v1:dark_vortex":1,"naturalist:lizard":1,"minecraft:villager":4,"enemyexpansion:slugger":1},"minecraft:killed_by":{"luminousworld:hollow":1,"born_in_chaos_v1:bone_imp_minion":2,"born_in_chaos_v1:corpse_fly":1,"enemyexpansion:scorpion":1,"undead_revamp2:thesmoker":1,"iceandfire:fire_dragon":11,"enemyexpansion:invisicreeper":1,"takesapillage:clay_golem":1,"enemyexpansion:trollenraged":1,"minecraft:iron_golem":2,"undead_revamp2:thespitter":1},"minecraft:picked_up":{"minecraft:wooden_axe":1,"iceandfire:deathworm_egg":2,"minecraft:iron_chestplate":1,"minecraft:wheat":335,"minecraft:creeper_head":3,"minecraft:flower_pot":1,"minecraft:lead":2,"minecraft:sentry_armor_trim_smithing_template":8,"minecraft:smithing_table":3,"minecraft:oak_stairs":1,"artifacts:chorus_totem":1,"minecraft:potion":2,"minecraft:enchanted_book":9,"iceandfire:myrmex_jungle_chitin":3,"minecraft:brewing_stand":5,"minecraft:amethyst_block":3,"minecraft:string":13,"minecraft:raw_copper":244,"minecraft:zombie_head":1,"minecraft:beetroot":61,"minecraft:cobbled_deepslate":87,"minecraft:gold_nugget":135,"alexsmobs:banana":1,"minecraft:eye_armor_trim_smithing_template":2,"minecraft:calcite":2,"minecraft:melon_slice":34,"iceandfire:dragonscales_red":13,"minecraft:mangrove_log":32,"minecraft:furnace":6,"minecraft:stick":35,"supplementaries:speaker_block":2,"minecraft:composter":17,"born_in_chaos_v1:phantom_powder":1,"minecraft:torch":60,"minecraft:acacia_log":101,"minecraft:green_bed":1,"minecraft:porkchop":4,"tombstone:grave_dust":1,"minecraft:diorite":11,"minecraft:cauldron":3,"minecraft:yellow_banner":7,"quark:ancient_tome":4,"minecraft:cactus":10,"minecraft:light_gray_bed":6,"minecraft:rotten_flesh":58,"create:ochrum":1,"create:scoria":2,"iceandfire:deathworm_chitin_yellow":13,"supplementaries:antique_ink":4,"iceandfire:fire_dragon_heart":2,"minecraft:mangrove_roots":5,"supplementaries:ash":47,"undead_revamp2:arapholia":1,"minecraft:cobblestone":120,"luminousworld:savannah_ground":15,"minecraft:feather":5,"minecraft:cooked_beef":7,"minecraft:andesite":39,"minecraft:jungle_log":13,"minecraft:jungle_wood":38,"minecraft:potato":183,"minecraft:flint":4,"minecraft:tuff":4,"create:raw_zinc":64,"supplementaries:flax_seeds":17,"minecraft:lapis_lazuli":38,"minecraft:dirt":7,"iceandfire:dragonscales_bronze":13,"minecraft:lantern":1,"born_in_chaos_v1:monster_skin":6,"minecraft:bone":46,"minecraft:acacia_planks":3,"undead_revamp2:blacpetalblock":1,"iceandfire:myrmex_jungle_resin":1,"minecraft:wheat_seeds":121,"minecraft:raw_gold":18,"minecraft:bell":1,"minecraft:grindstone":8,"luminousworld:elephant_grass":2,"minecraft:fletching_table":10,"minecraft:glowstone_dust":4,"minecraft:bamboo":1,"minecraft:oak_planks":30,"ecologics:prickly_pear":2,"iceandfire:dragon_skull_fire":5,"minecraft:sand":136,"minecraft:jungle_planks":11,"minecraft:cyan_bed":4,"minecraft:acacia_stairs":1,"alexsmobs:animal_dictionary":2,"undead_revamp2:heavytooth":4,"minecraft:iron_hoe":2,"minecraft:diamond":9,"minecraft:diamond_pickaxe":1,"minecraft:writable_book":1,"minecraft:crossbow":2,"minecraft:granite":3,"minecraft:bone_meal":20,"minecraft:golden_apple":4,"minecraft:emerald":42,"minecraft:bread":57,"minecraft:oak_sapling":37,"minecraft:netherrack":4,"iceandfire:silver_nugget":4,"minecraft:crafting_table":4,"sophisticatedbackpacks:gold_backpack":1,"minecraft:cocoa_beans":15,"born_in_chaos_v1:diamond_termite_shard":9,"minecraft:allium":12,"minecraft:sandstone_slab":18,"minecraft:clay_ball":19,"iceandfire:fire_lily":1,"luminousworld:trout":1,"minecraft:gold_block":4,"minecraft:acacia_button":3,"minecraft:birch_fence":38,"luminousworld:palm_log":10,"minecraft:cartography_table":4,"minecraft:beef":2,"minecraft:oak_boat":1,"born_in_chaos_v1:gnawed_bones":2,"minecraft:cyan_wool":6,"minecraft:iron_nugget":13,"minecraft:poppy":6,"minecraft:lectern":475,"minecraft:sugar_cane":728,"minecraft:chest":1,"minecraft:raw_iron":48,"minecraft:sandstone":28,"iceandfire:dragonbone":69,"iceandfire:deathworm_chitin_red":5,"minecraft:stone_button":2,"quark:birch_chest":8,"minecraft:carrot":150,"minecraft:redstone":8,"minecraft:light_blue_bed":1,"minecraft:dark_oak_planks":4,"minecraft:tnt":2,"minecraft:arrow":47,"minecraft:beetroot_seeds":208,"minecraft:hay_block":29,"alexscaves:spelunkery_table":4,"minecraft:gold_ingot":8,"minecraft:totem_of_undying":2,"minecraft:glow_berries":1,"minecraft:bone_block":13,"minecraft:white_wool":25,"minecraft:stripped_oak_log":51,"born_in_chaos_v1:corpse_maggot":6,"iceandfire:sea_serpent_fang":7,"born_in_chaos_v1:monster_flesh":3,"luminousworld:ishstone":20,"minecraft:leather":13,"alexsmobs:acacia_blossom":5,"minecraft:filled_map":1,"minecraft:oak_log":182,"minecraft:chainmail_chestplate":2,"iceandfire:ectoplasm":1,"minecraft:yellow_bed":2,"minecraft:gunpowder":10,"minecraft:paper":10,"minecraft:stone_bricks":1,"mowziesmobs:umvuthana_mask_rage":1,"minecraft:iron_ingot":116,"minecraft:glass_bottle":2,"minecraft:gray_bed":3,"iceandfire:sea_serpent_scales_deepblue":9,"iceandfire:fire_dragon_flesh":4,"minecraft:acacia_sapling":7,"minecraft:green_dye":3,"minecraft:book":102,"minecraft:oak_slab":7,"minecraft:pink_bed":1,"minecraft:smooth_basalt":4,"iceandfire:copper_nugget":24,"minecraft:pumpkin":7,"minecraft:chiseled_stone_bricks":7,"minecraft:red_wool":6,"born_in_chaos_v1:ethereal_spirit":1,"minecraft:gravel":77,"born_in_chaos_v1:dark_rod":1,"minecraft:amethyst_shard":20,"minecraft:blast_furnace":22,"minecraft:white_bed":2,"minecraft:pumpkin_seeds":16,"minecraft:purple_bed":3,"minecraft:slime_ball":12,"minecraft:iron_helmet":2,"tombstone:magic_scroll":1,"minecraft:brown_banner":2,"minecraft:melon_seeds":21,"minecraft:coal":289},"minecraft:dropped":{"sophisticatedbackpacks:iron_backpack":1,"minecraft:porkchop":4,"minecraft:lapis_lazuli":9,"minecraft:glass_bottle":7,"minecraft:crafting_table":1,"minecraft:crossbow":1,"minecraft:lantern":1,"iceandfire:ectoplasm":1,"minecraft:emerald":13,"born_in_chaos_v1:monster_flesh":3,"minecraft:birch_fence":8,"luminousworld:trout":1,"minecraft:stone_button":2,"born_in_chaos_v1:monster_skin":5,"minecraft:writable_book":1,"minecraft:sand":17,"minecraft:white_wool":2,"minecraft:gold_ingot":4,"minecraft:bone":10,"minecraft:gravel":26,"minecraft:stone_axe":1,"minecraft:goat_horn":2,"minecraft:compass":2,"minecraft:sugar_cane":18,"minecraft:iron_nugget":23,"minecraft:wheat":20,"minecraft:beetroot":1,"minecraft:rotten_flesh":59,"minecraft:grindstone":1,"aether:leather_gloves":1,"iceandfire:fire_lily":1,"minecraft:acacia_stairs":1,"minecraft:carrot":137,"minecraft:chainmail_chestplate":2,"minecraft:chiseled_stone_bricks":2,"minecraft:poppy":3,"supplementaries:flax_seeds":6,"supplementaries:ash":4,"supplementaries:cartographers_quill":1,"minecraft:gunpowder":4,"minecraft:beetroot_seeds":3,"born_in_chaos_v1:corpse_maggot":2,"minecraft:acacia_sapling":1,"minecraft:yellow_banner":1,"minecraft:arrow":17,"minecraft:beef":2,"iceandfire:deathworm_chitin_yellow":1,"iceandfire:armor_bronze_leggings":1,"minecraft:enchanted_book":1,"minecraft:iron_ingot":35,"minecraft:bread":91,"minecraft:oak_slab":1,"minecraft:wheat_seeds":66,"minecraft:tnt":2,"minecraft:iron_helmet":2,"minecraft:feather":5,"minecraft:cobblestone":2,"minecraft:book":9,"minecraft:coal":13,"minecraft:golden_apple":2,"minecraft:stick":36,"iceandfire:armor_red_helmet":1,"minecraft:brewing_stand":1,"iceandfire:copper_nugget":28,"minecraft:green_dye":2,"luminousworld:savannah_ground":14,"minecraft:melon_slice":34,"minecraft:iron_leggings":1,"minecraft:cactus":6,"minecraft:paper":10,"minecraft:string":8,"tombstone:voodoo_poppet":1,"iceandfire:dragon_skull_fire":2,"iceandfire:dragonbone":13,"minecraft:redstone":8,"iceandfire:armor_red_chestplate":1,"iceandfire:silver_nugget":4,"minecraft:cocoa_beans":3,"minecraft:stone_shovel":1,"minecraft:clay_ball":9,"minecraft:iron_hoe":1,"minecraft:totem_of_undying":1,"minecraft:potato":184,"minecraft:hay_block":2,"undead_revamp2:heavytooth":4,"minecraft:allium":12,"minecraft:diamond_pickaxe":1,"minecraft:iron_chestplate":3,"iceandfire:deathworm_red_boots":1,"minecraft:andesite":18,"artifacts:antidote_vessel":1,"minecraft:bamboo":1,"luminousworld:elephant_grass":2}},"DataVersion":3465}