{"stats":{"minecraft:mined":{"undead_revamp2:arapholia":1,"minecraft:jungle_leaves":5,"minecraft:brewing_stand":1,"minecraft:jungle_planks":2,"minecraft:jungle_log":2,"minecraft:dead_bush":2,"minecraft:light_gray_bed":6,"minecraft:lectern":1,"minecraft:cyan_bed":3,"minecraft:sandstone":1,"ecologics:prickly_pear":1,"minecraft:jungle_wood":32,"minecraft:light_blue_bed":1,"minecraft:gray_bed":2,"minecraft:fletching_table":1,"minecraft:bell":1,"minecraft:sand":1,"minecraft:green_bed":1,"minecraft:birch_fence":1},"minecraft:crafted":{"minecraft:crafting_table":2,"minecraft:jungle_planks":112,"minecraft:stick":24,"minecraft:iron_pickaxe":1,"minecraft:wooden_axe":1,"minecraft:dark_oak_planks":52},"minecraft:picked_up":{"minecraft:cocoa_beans":12,"minecraft:jungle_log":2,"minecraft:jungle_wood":32,"minecraft:potion":2,"minecraft:brewing_stand":1,"minecraft:birch_fence":1,"minecraft:bell":1,"minecraft:fletching_table":1,"minecraft:glass_bottle":1,"minecraft:lectern":1,"minecraft:gray_bed":2,"minecraft:stick":1,"ecologics:prickly_pear":2,"minecraft:green_bed":1,"minecraft:jungle_planks":2,"minecraft:sand":1,"minecraft:cyan_bed":3,"minecraft:light_blue_bed":1,"minecraft:cactus":1,"minecraft:arrow":11,"minecraft:light_gray_bed":6,"undead_revamp2:arapholia":1},"minecraft:used":{"minecraft:fletching_table":1,"minecraft:green_bed":1,"minecraft:bell":1,"minecraft:sand":1,"minecraft:crafting_table":2,"minecraft:jungle_planks":94,"ecologics:prickly_pear":2,"minecraft:birch_fence":1,"minecraft:dark_oak_planks":48,"minecraft:wooden_axe":38,"minecraft:bread":9,"minecraft:cyan_bed":3,"minecraft:iron_pickaxe":4,"minecraft:lectern":1,"minecraft:light_blue_bed":1,"minecraft:potion":2,"minecraft:gray_bed":2,"undead_revamp2:arapholia":1,"minecraft:light_gray_bed":6,"minecraft:experience_bottle":2},"minecraft:custom":{"minecraft:interact_with_crafting_table":5,"minecraft:bell_ring":6,"minecraft:leave_game":1,"minecraft:climb_one_cm":5044,"minecraft:time_since_death":40765,"minecraft:sleep_in_bed":2,"minecraft:time_since_rest":1632,"minecraft:sprint_one_cm":122704,"minecraft:damage_taken":410,"minecraft:walk_one_cm":92593,"minecraft:drop":12,"minecraft:damage_dealt":14,"minecraft:swim_one_cm":16846,"minecraft:talked_to_villager":7,"minecraft:fly_one_cm":162397,"minecraft:open_chest":24,"minecraft:crouch_one_cm":3232,"minecraft:play_time":40765,"minecraft:sneak_time":786,"minecraft:walk_under_water_one_cm":1070,"minecraft:jump":662,"minecraft:interact_with_brewingstand":1,"minecraft:walk_on_water_one_cm":4188,"minecraft:total_world_time":40765,"minecraft:fall_one_cm":21429},"minecraft:dropped":{"minecraft:goat_horn":2,"minecraft:glass_bottle":3,"minecraft:crossbow":1,"minecraft:carrot":4,"supplementaries:flax_seeds":6,"minecraft:potato":13,"minecraft:green_dye":1,"minecraft:arrow":11,"minecraft:cactus":6}},"DataVersion":3465}