{"stats":{"minecraft:mined":{"undead_revamp2:arapholia":1,"minecraft:light_blue_bed":1,"minecraft:brewing_stand":1,"minecraft:fletching_table":1,"minecraft:sand":1,"minecraft:lectern":1,"minecraft:light_gray_bed":3,"minecraft:cyan_bed":1,"minecraft:green_bed":1,"ecologics:prickly_pear":1},"minecraft:crafted":{"minecraft:crafting_table":1,"minecraft:iron_pickaxe":1,"minecraft:dark_oak_planks":52},"minecraft:picked_up":{"ecologics:prickly_pear":2,"minecraft:green_bed":1,"minecraft:sand":1,"minecraft:potion":2,"minecraft:brewing_stand":1,"minecraft:cyan_bed":1,"minecraft:light_blue_bed":1,"minecraft:light_gray_bed":3,"minecraft:glass_bottle":1,"minecraft:fletching_table":1,"minecraft:lectern":1,"undead_revamp2:arapholia":1},"minecraft:used":{"minecraft:dark_oak_planks":5,"minecraft:cyan_bed":1,"minecraft:bread":6,"minecraft:iron_pickaxe":1,"minecraft:sand":1,"minecraft:potion":2,"minecraft:crafting_table":1,"undead_revamp2:arapholia":1,"ecologics:prickly_pear":2,"minecraft:experience_bottle":2},"minecraft:custom":{"minecraft:time_since_rest":3658,"minecraft:sprint_one_cm":83044,"minecraft:damage_taken":250,"minecraft:walk_one_cm":57987,"minecraft:drop":9,"minecraft:damage_dealt":14,"minecraft:swim_one_cm":16846,"minecraft:talked_to_villager":7,"minecraft:interact_with_crafting_table":4,"minecraft:fly_one_cm":129491,"minecraft:open_chest":22,"minecraft:play_time":28765,"minecraft:sneak_time":39,"minecraft:walk_under_water_one_cm":1070,"minecraft:jump":502,"minecraft:interact_with_brewingstand":1,"minecraft:leave_game":1,"minecraft:walk_on_water_one_cm":4188,"minecraft:time_since_death":28765,"minecraft:sleep_in_bed":1,"minecraft:climb_one_cm":3617,"minecraft:total_world_time":28765,"minecraft:fall_one_cm":15555},"minecraft:dropped":{"supplementaries:flax_seeds":6,"minecraft:goat_horn":2,"minecraft:green_dye":1,"minecraft:glass_bottle":3,"minecraft:crossbow":1,"minecraft:cactus":6}},"DataVersion":3465}