{"stats":{"minecraft:mined":{"ecologics:prickly_pear":1,"undead_revamp2:arapholia":1},"minecraft:picked_up":{"ecologics:prickly_pear":2,"undead_revamp2:arapholia":1},"minecraft:used":{"undead_revamp2:arapholia":1,"ecologics:prickly_pear":2},"minecraft:custom":{"minecraft:jump":270,"minecraft:time_since_rest":16765,"minecraft:damage_taken":120,"minecraft:sprint_one_cm":30925,"minecraft:leave_game":1,"minecraft:play_time":16765,"minecraft:walk_on_water_one_cm":2215,"minecraft:time_since_death":16765,"minecraft:walk_one_cm":23348,"minecraft:sneak_time":10,"minecraft:climb_one_cm":566,"minecraft:total_world_time":16765,"minecraft:walk_under_water_one_cm":438,"minecraft:swim_one_cm":6584,"minecraft:fall_one_cm":8148,"minecraft:fly_one_cm":54786}},"DataVersion":3465}