{"stats":{"minecraft:dropped":{"minecraft:porkchop":4,"minecraft:glass_bottle":3,"minecraft:crossbow":1,"minecraft:birch_fence":8,"minecraft:bone":4,"minecraft:gravel":26,"minecraft:goat_horn":2,"minecraft:wheat":20,"minecraft:beetroot":1,"minecraft:rotten_flesh":11,"minecraft:grindstone":1,"aether:leather_gloves":1,"minecraft:carrot":137,"minecraft:poppy":2,"supplementaries:flax_seeds":6,"supplementaries:ash":1,"minecraft:beetroot_seeds":3,"minecraft:yellow_banner":1,"minecraft:arrow":11,"minecraft:bread":91,"minecraft:oak_slab":1,"minecraft:wheat_seeds":65,"minecraft:cobblestone":2,"minecraft:book":9,"minecraft:coal":13,"minecraft:brewing_stand":1,"minecraft:green_dye":2,"minecraft:melon_slice":34,"minecraft:cactus":6,"iceandfire:dragon_skull_fire":1,"iceandfire:dragonbone":13,"iceandfire:silver_nugget":4,"minecraft:cocoa_beans":3,"minecraft:clay_ball":9,"minecraft:potato":184,"minecraft:allium":12,"minecraft:andesite":18},"minecraft:killed_by":{"born_in_chaos_v1:bone_imp_minion":2,"iceandfire:fire_dragon":1,"takesapillage:clay_golem":1,"minecraft:iron_golem":2},"minecraft:crafted":{"minecraft:oak_planks":176,"minecraft:smooth_stone":3,"minecraft:stone":3,"minecraft:bookshelf":3,"luminousworld:palmplank":40,"minecraft:oak_slab":6,"minecraft:emerald":105,"minecraft:crafting_table":2,"minecraft:acacia_slab":6,"minecraft:smithing_table":1,"minecraft:fletching_table":2,"minecraft:acacia_button":1,"minecraft:cartography_table":1,"minecraft:lectern":1,"minecraft:iron_chestplate":2,"minecraft:paper":519,"minecraft:stick":2424,"minecraft:iron_ingot":10,"minecraft:compass":1,"minecraft:iron_pickaxe":2,"minecraft:sandstone":19,"minecraft:stone_shovel":1,"minecraft:blast_furnace":1,"aether:red_cape":1,"minecraft:iron_axe":2,"minecraft:ladder":8,"minecraft:filled_map":1,"minecraft:chiseled_sandstone":1,"minecraft:dark_oak_planks":52,"minecraft:wheat":189,"minecraft:cyan_bed":1,"minecraft:mangrove_planks":64,"minecraft:stone_axe":14,"minecraft:bread":104,"minecraft:air":0,"minecraft:jungle_planks":136,"supplementaries:speaker_block":1,"minecraft:wooden_axe":2,"minecraft:iron_leggings":2,"minecraft:white_bed":2,"minecraft:acacia_planks":300},"minecraft:killed":{"minecraft:pig":1,"luminousworld:hollow":1,"minecraft:iron_golem":6,"enemyexpansion:direwolf":2,"takesapillage:clay_golem":3,"enemyexpansion:scorpion":1,"born_in_chaos_v1:bone_imp_minion":1,"minecraft:wandering_trader":1,"minecraft:villager":4},"minecraft:mined":{"minecraft:dark_oak_planks":4,"minecraft:white_bed":2,"minecraft:pink_bed":1,"minecraft:jungle_leaves":7,"minecraft:brewing_stand":1,"minecraft:granite":1,"minecraft:acacia_log":96,"minecraft:grass_block":7,"minecraft:jungle_log":2,"minecraft:light_gray_bed":6,"minecraft:composter":7,"supplementaries:speaker_block":2,"ecologics:prickly_pear":1,"minecraft:glowstone":1,"minecraft:iron_ore":10,"minecraft:pumpkin":7,"minecraft:fletching_table":9,"minecraft:deepslate_lapis_ore":4,"supplementaries:stick":6,"iceandfire:gold_pile":12,"minecraft:water_cauldron":2,"minecraft:green_bed":1,"minecraft:sandstone_slab":6,"minecraft:melon_stem":11,"minecraft:torch":3,"minecraft:blast_furnace":17,"minecraft:melon":6,"minecraft:dead_bush":5,"minecraft:cyan_bed":4,"minecraft:grindstone":6,"minecraft:sugar_cane":468,"minecraft:oak_planks":25,"minecraft:wall_torch":2,"minecraft:cyan_wool":6,"minecraft:acacia_sapling":1,"minecraft:jungle_wood":38,"minecraft:wheat":48,"minecraft:potted_poppy":1,"quark:birch_chest":8,"minecraft:oak_log":146,"minecraft:beetroots":99,"minecraft:sand":89,"minecraft:mangrove_log":33,"luminousworld:palm_log":10,"luminousworld:savannah_grass_4":1,"minecraft:oak_leaves":24,"minecraft:deepslate":65,"luminousworld:savannah_ground":1,"minecraft:attached_pumpkin_stem":7,"minecraft:mangrove_roots":6,"minecraft:jungle_planks":11,"minecraft:acacia_button":1,"minecraft:cartography_table":3,"minecraft:sandstone":29,"minecraft:hay_block":23,"minecraft:furnace":3,"minecraft:carrots":33,"minecraft:andesite":10,"minecraft:bell":1,"minecraft:bookshelf":24,"minecraft:potatoes":52,"minecraft:vine":1,"minecraft:stripped_oak_log":50,"minecraft:stone":62,"minecraft:white_wool":22,"minecraft:smithing_table":3,"minecraft:oak_slab":4,"minecraft:acacia_leaves":20,"minecraft:red_wool":6,"minecraft:crafting_table":1,"luminousworld:savannah_grass_1":3,"minecraft:lectern":474,"minecraft:copper_ore":2,"minecraft:diorite":9,"minecraft:purple_bed":3,"minecraft:light_blue_bed":1,"minecraft:gray_bed":3,"minecraft:mangrove_leaves":31,"minecraft:coal_ore":14,"iceandfire:silver_pile":1,"luminousworld:ishstone":2,"minecraft:gravel":53,"minecraft:acacia_planks":3,"luminousworld:elephant_grass":1,"minecraft:birch_fence":14,"undead_revamp2:arapholia":1},"minecraft:used":{"minecraft:beetroot":11,"minecraft:ladder":8,"minecraft:bell":1,"luminousworld:savannah_ground":1,"minecraft:cocoa_beans":12,"minecraft:jungle_planks":128,"minecraft:acacia_sapling":4,"ecologics:prickly_pear":2,"minecraft:acacia_button":4,"minecraft:light_blue_bed":1,"minecraft:mangrove_roots":5,"minecraft:furnace":2,"minecraft:oak_sapling":27,"minecraft:gray_bed":3,"minecraft:beetroot_seeds":205,"minecraft:oak_planks":56,"minecraft:sandstone":44,"minecraft:composter":4,"minecraft:sugar_cane":84,"minecraft:sand":21,"minecraft:blast_furnace":18,"minecraft:pumpkin_seeds":16,"minecraft:birch_fence":6,"minecraft:chiseled_sandstone":1,"minecraft:cyan_bed":5,"minecraft:bread":75,"minecraft:lectern":475,"minecraft:gravel":26,"minecraft:grindstone":6,"minecraft:smithing_table":4,"minecraft:andesite":1,"minecraft:experience_bottle":2,"quark:birch_chest":8,"minecraft:acacia_log":5,"minecraft:stone_shovel":26,"minecraft:stick":6,"minecraft:torch":12,"minecraft:dirt":7,"minecraft:wooden_axe":115,"minecraft:dark_oak_planks":52,"minecraft:iron_axe":287,"minecraft:acacia_slab":2,"supplementaries:speaker_block":3,"minecraft:melon_seeds":21,"tombstone:gift":4,"undead_revamp2:arapholia":1,"minecraft:acacia_planks":18,"minecraft:cobbled_deepslate":63,"minecraft:pumpkin":7,"minecraft:light_gray_bed":6,"minecraft:wheat_seeds":55,"minecraft:yellow_banner":1,"minecraft:cartography_table":4,"minecraft:fletching_table":11,"minecraft:green_bed":1,"minecraft:oak_slab":9,"minecraft:crafting_table":3,"minecraft:white_bed":4,"minecraft:oak_log":7,"minecraft:flower_pot":1,"minecraft:iron_pickaxe":254,"minecraft:stone_axe":681,"minecraft:pink_bed":1,"minecraft:cobblestone":1,"minecraft:potion":2,"minecraft:purple_bed":3,"minecraft:sandstone_slab":5},"minecraft:custom":{"minecraft:animals_bred":1,"minecraft:interact_with_crafting_table":24,"minecraft:bell_ring":33,"minecraft:leave_game":11,"minecraft:time_since_death":87773,"minecraft:sprint_one_cm":742856,"minecraft:drop":92,"minecraft:talked_to_villager":895,"minecraft:play_time":377181,"minecraft:deaths":6,"minecraft:jump":4989,"minecraft:interact_with_brewingstand":1,"minecraft:walk_on_water_one_cm":24968,"minecraft:interact_with_furnace":14,"minecraft:traded_with_villager":130,"minecraft:sleep_in_bed":29,"tombstone:sneak_grave":1,"minecraft:damage_dealt":8344,"minecraft:crouch_one_cm":31768,"tombstone:undead_killed":2,"tombstone:villager_killed":5,"minecraft:interact_with_smithing_table":2,"minecraft:mob_kills":21,"minecraft:damage_dealt_resisted":225,"minecraft:climb_one_cm":45324,"minecraft:walk_one_cm":981384,"minecraft:sneak_time":11314,"minecraft:walk_under_water_one_cm":4996,"minecraft:interact_with_blast_furnace":1,"minecraft:total_world_time":377181,"minecraft:pot_flower":1,"minecraft:time_since_rest":6858,"minecraft:damage_taken":4133,"minecraft:swim_one_cm":87603,"minecraft:fly_one_cm":954392,"minecraft:open_chest":111,"minecraft:fall_one_cm":119414},"minecraft:picked_up":{"minecraft:wooden_axe":1,"minecraft:wheat":335,"minecraft:flower_pot":1,"minecraft:sentry_armor_trim_smithing_template":8,"minecraft:smithing_table":3,"minecraft:lead":2,"minecraft:enchanted_book":6,"minecraft:potion":2,"minecraft:brewing_stand":4,"minecraft:raw_copper":6,"minecraft:beetroot":61,"minecraft:gold_nugget":88,"minecraft:cobbled_deepslate":63,"minecraft:eye_armor_trim_smithing_template":2,"minecraft:melon_slice":34,"minecraft:mangrove_log":32,"minecraft:furnace":5,"minecraft:stick":33,"supplementaries:speaker_block":2,"minecraft:composter":13,"minecraft:green_bed":1,"minecraft:torch":16,"minecraft:acacia_log":96,"minecraft:porkchop":4,"minecraft:diorite":9,"minecraft:cauldron":3,"minecraft:yellow_banner":7,"quark:ancient_tome":4,"minecraft:light_gray_bed":6,"minecraft:cactus":10,"minecraft:rotten_flesh":9,"minecraft:mangrove_roots":5,"supplementaries:ash":1,"undead_revamp2:arapholia":1,"minecraft:cobblestone":58,"luminousworld:savannah_ground":1,"minecraft:jungle_log":2,"minecraft:andesite":28,"minecraft:jungle_wood":38,"minecraft:potato":183,"minecraft:flint":4,"minecraft:lapis_lazuli":25,"minecraft:dirt":7,"minecraft:bone":4,"minecraft:acacia_planks":3,"minecraft:wheat_seeds":120,"minecraft:bell":1,"minecraft:grindstone":8,"minecraft:fletching_table":9,"minecraft:glowstone_dust":4,"minecraft:oak_planks":25,"ecologics:prickly_pear":2,"iceandfire:dragon_skull_fire":4,"minecraft:jungle_planks":11,"minecraft:sand":115,"minecraft:cyan_bed":4,"alexsmobs:animal_dictionary":2,"minecraft:crossbow":2,"minecraft:bone_meal":20,"minecraft:bread":12,"minecraft:oak_sapling":37,"iceandfire:silver_nugget":4,"minecraft:cocoa_beans":15,"minecraft:crafting_table":1,"minecraft:allium":12,"minecraft:sandstone_slab":18,"minecraft:clay_ball":19,"minecraft:acacia_button":3,"minecraft:birch_fence":38,"luminousworld:palm_log":10,"minecraft:cartography_table":3,"minecraft:cyan_wool":6,"minecraft:poppy":5,"minecraft:lectern":474,"minecraft:sugar_cane":627,"iceandfire:dragonbone":52,"minecraft:sandstone":28,"minecraft:raw_iron":10,"quark:birch_chest":8,"minecraft:carrot":150,"minecraft:light_blue_bed":1,"minecraft:dark_oak_planks":4,"minecraft:arrow":39,"minecraft:beetroot_seeds":208,"minecraft:hay_block":27,"minecraft:white_wool":22,"minecraft:stripped_oak_log":50,"minecraft:leather":6,"alexsmobs:acacia_blossom":5,"minecraft:oak_log":146,"minecraft:paper":8,"minecraft:iron_ingot":34,"minecraft:glass_bottle":1,"minecraft:gray_bed":3,"minecraft:acacia_sapling":6,"minecraft:green_dye":3,"minecraft:book":100,"minecraft:pink_bed":1,"minecraft:oak_slab":7,"minecraft:pumpkin":7,"minecraft:red_wool":6,"minecraft:gravel":74,"minecraft:blast_furnace":17,"minecraft:white_bed":2,"minecraft:pumpkin_seeds":16,"minecraft:purple_bed":3,"minecraft:melon_seeds":21,"minecraft:coal":50},"minecraft:broken":{"minecraft:stone_axe":5,"minecraft:wooden_axe":2,"minecraft:iron_axe":1,"minecraft:iron_pickaxe":1}},"DataVersion":3465}