{"stats":{"minecraft:killed":{"minecraft:iron_golem":3,"minecraft:wandering_trader":1,"minecraft:villager":1},"minecraft:mined":{"undead_revamp2:arapholia":1,"minecraft:dark_oak_planks":4,"minecraft:white_bed":2,"minecraft:pink_bed":1,"minecraft:jungle_leaves":5,"minecraft:mangrove_roots":2,"minecraft:brewing_stand":1,"minecraft:acacia_log":50,"minecraft:jungle_planks":11,"minecraft:acacia_button":1,"minecraft:jungle_log":2,"minecraft:light_gray_bed":6,"supplementaries:speaker_block":1,"minecraft:cartography_table":3,"minecraft:composter":7,"minecraft:sandstone":1,"ecologics:prickly_pear":1,"minecraft:hay_block":2,"minecraft:furnace":2,"minecraft:carrots":19,"minecraft:pumpkin":7,"minecraft:fletching_table":8,"minecraft:bell":1,"supplementaries:stick":1,"minecraft:potatoes":37,"minecraft:vine":1,"minecraft:water_cauldron":2,"minecraft:stripped_oak_log":27,"minecraft:stone":3,"minecraft:white_wool":7,"minecraft:green_bed":1,"minecraft:smithing_table":1,"minecraft:sandstone_slab":4,"minecraft:oak_slab":4,"minecraft:acacia_leaves":13,"minecraft:melon_stem":11,"minecraft:crafting_table":1,"minecraft:torch":1,"luminousworld:savannah_grass_1":2,"minecraft:melon":6,"minecraft:dead_bush":3,"minecraft:lectern":115,"minecraft:sugar_cane":21,"minecraft:cyan_bed":4,"minecraft:grindstone":1,"minecraft:oak_planks":25,"minecraft:wall_torch":1,"minecraft:cyan_wool":3,"minecraft:purple_bed":2,"minecraft:jungle_wood":32,"minecraft:light_blue_bed":1,"minecraft:wheat":23,"minecraft:gray_bed":3,"minecraft:mangrove_leaves":21,"quark:birch_chest":4,"minecraft:coal_ore":13,"minecraft:oak_log":6,"minecraft:beetroots":56,"minecraft:sand":45,"minecraft:mangrove_log":17,"minecraft:acacia_planks":1,"minecraft:birch_fence":9,"minecraft:attached_pumpkin_stem":7},"minecraft:crafted":{"minecraft:oak_planks":132,"minecraft:bookshelf":1,"minecraft:iron_axe":1,"minecraft:ladder":8,"minecraft:dark_oak_planks":52,"minecraft:oak_slab":6,"minecraft:emerald":21,"minecraft:crafting_table":2,"minecraft:acacia_slab":6,"minecraft:cyan_bed":1,"minecraft:smithing_table":1,"minecraft:mangrove_planks":64,"minecraft:acacia_button":1,"minecraft:stone_axe":4,"minecraft:bread":6,"minecraft:air":0,"minecraft:cartography_table":1,"minecraft:jungle_planks":136,"supplementaries:speaker_block":1,"minecraft:lectern":1,"minecraft:stick":656,"minecraft:iron_pickaxe":1,"minecraft:wooden_axe":2,"minecraft:sandstone":9,"minecraft:white_bed":2,"minecraft:acacia_planks":192},"minecraft:picked_up":{"minecraft:cocoa_beans":12,"minecraft:crafting_table":1,"minecraft:wheat":182,"minecraft:sandstone_slab":8,"minecraft:sentry_armor_trim_smithing_template":4,"minecraft:smithing_table":1,"minecraft:lead":2,"minecraft:enchanted_book":3,"minecraft:potion":2,"minecraft:acacia_button":2,"minecraft:brewing_stand":3,"minecraft:birch_fence":25,"minecraft:beetroot":27,"minecraft:cartography_table":3,"minecraft:eye_armor_trim_smithing_template":1,"minecraft:cyan_wool":3,"minecraft:poppy":2,"minecraft:lectern":115,"minecraft:melon_slice":34,"minecraft:sugar_cane":49,"minecraft:mangrove_log":16,"minecraft:furnace":4,"supplementaries:speaker_block":1,"iceandfire:dragonbone":39,"minecraft:stick":7,"minecraft:composter":10,"minecraft:green_bed":1,"minecraft:torch":9,"minecraft:acacia_log":50,"quark:birch_chest":4,"minecraft:carrot":80,"minecraft:light_blue_bed":1,"minecraft:cauldron":2,"minecraft:dark_oak_planks":4,"minecraft:yellow_banner":3,"quark:ancient_tome":2,"minecraft:cactus":5,"minecraft:arrow":26,"minecraft:light_gray_bed":6,"minecraft:rotten_flesh":4,"minecraft:beetroot_seeds":108,"minecraft:hay_block":4,"minecraft:mangrove_roots":2,"undead_revamp2:arapholia":1,"minecraft:white_wool":7,"minecraft:cobblestone":2,"minecraft:stripped_oak_log":27,"minecraft:jungle_log":2,"minecraft:leather":3,"alexsmobs:acacia_blossom":3,"minecraft:jungle_wood":32,"minecraft:potato":118,"minecraft:oak_log":6,"minecraft:paper":4,"minecraft:bone":3,"minecraft:acacia_planks":1,"minecraft:wheat_seeds":55,"minecraft:bell":1,"minecraft:iron_ingot":18,"minecraft:grindstone":3,"minecraft:glass_bottle":1,"minecraft:fletching_table":8,"minecraft:gray_bed":3,"minecraft:oak_planks":25,"minecraft:acacia_sapling":4,"minecraft:book":19,"minecraft:green_dye":2,"minecraft:pink_bed":1,"minecraft:oak_slab":6,"minecraft:pumpkin":7,"ecologics:prickly_pear":2,"iceandfire:dragon_skull_fire":3,"minecraft:jungle_planks":11,"minecraft:sand":55,"minecraft:white_bed":2,"minecraft:cyan_bed":4,"alexsmobs:animal_dictionary":1,"minecraft:pumpkin_seeds":16,"minecraft:purple_bed":2,"minecraft:crossbow":1,"minecraft:bone_meal":9,"minecraft:bread":10,"minecraft:melon_seeds":21,"minecraft:coal":38,"minecraft:wooden_axe":1},"minecraft:broken":{"minecraft:stone_axe":1,"minecraft:wooden_axe":1},"minecraft:used":{"minecraft:beetroot":11,"quark:birch_chest":4,"minecraft:acacia_log":2,"minecraft:ladder":8,"minecraft:bell":1,"minecraft:stick":1,"minecraft:torch":5,"minecraft:cocoa_beans":12,"minecraft:jungle_planks":128,"minecraft:acacia_button":3,"minecraft:acacia_sapling":3,"ecologics:prickly_pear":2,"minecraft:wooden_axe":61,"minecraft:dark_oak_planks":52,"minecraft:iron_axe":129,"minecraft:acacia_slab":1,"minecraft:light_blue_bed":1,"supplementaries:speaker_block":2,"minecraft:melon_seeds":21,"minecraft:mangrove_roots":2,"minecraft:gray_bed":3,"minecraft:beetroot_seeds":108,"undead_revamp2:arapholia":1,"minecraft:acacia_planks":8,"minecraft:pumpkin":7,"minecraft:light_gray_bed":6,"minecraft:wheat_seeds":55,"minecraft:oak_planks":52,"minecraft:cartography_table":4,"minecraft:sandstone":9,"minecraft:composter":4,"minecraft:sugar_cane":47,"minecraft:fletching_table":8,"minecraft:green_bed":1,"minecraft:sand":3,"minecraft:oak_slab":9,"minecraft:crafting_table":3,"minecraft:white_bed":4,"minecraft:pumpkin_seeds":16,"minecraft:birch_fence":1,"minecraft:cyan_bed":4,"minecraft:bread":39,"minecraft:iron_pickaxe":36,"minecraft:lectern":116,"minecraft:stone_axe":168,"minecraft:pink_bed":1,"minecraft:potion":2,"minecraft:purple_bed":2,"minecraft:smithing_table":2,"minecraft:experience_bottle":2},"minecraft:custom":{"minecraft:mob_kills":6,"minecraft:interact_with_crafting_table":15,"minecraft:bell_ring":33,"minecraft:leave_game":5,"minecraft:time_since_death":53829,"minecraft:climb_one_cm":27634,"minecraft:sprint_one_cm":412235,"minecraft:walk_one_cm":483388,"minecraft:drop":52,"minecraft:talked_to_villager":202,"minecraft:play_time":174541,"minecraft:deaths":4,"minecraft:sneak_time":4985,"minecraft:walk_under_water_one_cm":3685,"minecraft:jump":2632,"minecraft:interact_with_brewingstand":1,"minecraft:walk_on_water_one_cm":13955,"minecraft:total_world_time":174541,"minecraft:traded_with_villager":27,"minecraft:sleep_in_bed":13,"minecraft:time_since_rest":1420,"minecraft:damage_taken":2557,"minecraft:damage_dealt":2984,"minecraft:swim_one_cm":61548,"minecraft:fly_one_cm":526410,"minecraft:open_chest":52,"minecraft:crouch_one_cm":12771,"tombstone:villager_killed":2,"minecraft:fall_one_cm":72705},"minecraft:dropped":{"minecraft:bread":38,"minecraft:oak_slab":1,"minecraft:glass_bottle":3,"minecraft:crossbow":1,"minecraft:cobblestone":2,"minecraft:book":9,"minecraft:coal":13,"minecraft:birch_fence":8,"minecraft:brewing_stand":1,"minecraft:green_dye":1,"minecraft:melon_slice":34,"minecraft:cactus":6,"iceandfire:dragon_skull_fire":1,"iceandfire:dragonbone":13,"minecraft:bone":3,"minecraft:goat_horn":2,"minecraft:wheat":20,"minecraft:beetroot":1,"minecraft:grindstone":1,"minecraft:carrot":67,"minecraft:poppy":2,"supplementaries:flax_seeds":6,"minecraft:potato":119,"minecraft:yellow_banner":1,"minecraft:arrow":11},"minecraft:killed_by":{"minecraft:iron_golem":2,"iceandfire:fire_dragon":1,"takesapillage:clay_golem":1}},"DataVersion":3465}