{"stats":{"minecraft:killed":{"minecraft:iron_golem":1},"minecraft:mined":{"undead_revamp2:arapholia":1,"minecraft:dark_oak_planks":4,"minecraft:white_bed":2,"minecraft:pink_bed":1,"minecraft:jungle_leaves":5,"minecraft:brewing_stand":1,"minecraft:acacia_log":14,"minecraft:jungle_planks":11,"minecraft:jungle_log":2,"minecraft:light_gray_bed":6,"minecraft:cartography_table":3,"minecraft:composter":7,"minecraft:sandstone":1,"ecologics:prickly_pear":1,"minecraft:hay_block":2,"minecraft:furnace":2,"minecraft:carrots":4,"minecraft:fletching_table":8,"minecraft:bell":1,"minecraft:water_cauldron":2,"minecraft:stripped_oak_log":27,"minecraft:white_wool":7,"minecraft:green_bed":1,"minecraft:smithing_table":1,"minecraft:oak_slab":4,"minecraft:acacia_leaves":3,"minecraft:crafting_table":1,"minecraft:torch":1,"minecraft:dead_bush":3,"minecraft:lectern":25,"minecraft:cyan_bed":3,"minecraft:grindstone":1,"minecraft:oak_planks":24,"minecraft:wall_torch":1,"minecraft:cyan_wool":3,"minecraft:purple_bed":2,"minecraft:jungle_wood":32,"minecraft:light_blue_bed":1,"minecraft:gray_bed":3,"quark:birch_chest":2,"minecraft:oak_log":6,"minecraft:sand":19,"minecraft:birch_fence":9},"minecraft:crafted":{"minecraft:oak_planks":132,"minecraft:iron_axe":1,"minecraft:ladder":8,"minecraft:dark_oak_planks":52,"minecraft:oak_slab":6,"minecraft:emerald":8,"minecraft:crafting_table":2,"minecraft:smithing_table":1,"minecraft:stone_axe":4,"minecraft:bread":6,"minecraft:air":0,"minecraft:cartography_table":1,"minecraft:jungle_planks":136,"minecraft:stick":292,"minecraft:iron_pickaxe":1,"minecraft:wooden_axe":2,"minecraft:sandstone":3,"minecraft:white_bed":1,"minecraft:acacia_planks":48},"minecraft:picked_up":{"minecraft:cocoa_beans":12,"minecraft:crafting_table":1,"minecraft:wheat":29,"minecraft:smithing_table":1,"minecraft:potion":2,"minecraft:brewing_stand":1,"minecraft:birch_fence":9,"minecraft:beetroot":1,"minecraft:cartography_table":3,"minecraft:cyan_wool":3,"minecraft:lectern":25,"minecraft:furnace":2,"minecraft:stick":4,"minecraft:composter":7,"minecraft:green_bed":1,"minecraft:torch":9,"minecraft:acacia_log":14,"quark:birch_chest":2,"minecraft:carrot":17,"minecraft:light_blue_bed":1,"minecraft:cauldron":1,"minecraft:dark_oak_planks":4,"minecraft:yellow_banner":1,"minecraft:cactus":3,"minecraft:arrow":13,"minecraft:light_gray_bed":6,"minecraft:rotten_flesh":2,"minecraft:hay_block":2,"undead_revamp2:arapholia":1,"minecraft:white_wool":7,"minecraft:stripped_oak_log":27,"minecraft:jungle_log":2,"alexsmobs:acacia_blossom":1,"minecraft:jungle_wood":32,"minecraft:potato":10,"minecraft:oak_log":6,"minecraft:bone":1,"minecraft:bell":1,"minecraft:iron_ingot":5,"minecraft:grindstone":1,"minecraft:glass_bottle":1,"minecraft:fletching_table":8,"minecraft:gray_bed":3,"minecraft:oak_planks":24,"minecraft:acacia_sapling":3,"minecraft:book":1,"minecraft:green_dye":1,"minecraft:pink_bed":1,"minecraft:oak_slab":4,"ecologics:prickly_pear":2,"minecraft:jungle_planks":11,"minecraft:sand":21,"minecraft:white_bed":2,"minecraft:cyan_bed":3,"minecraft:purple_bed":2,"minecraft:bread":10},"minecraft:broken":{"minecraft:wooden_axe":1},"minecraft:used":{"quark:birch_chest":2,"minecraft:acacia_log":2,"minecraft:ladder":8,"minecraft:bell":1,"minecraft:torch":5,"minecraft:jungle_planks":128,"minecraft:acacia_sapling":3,"ecologics:prickly_pear":2,"minecraft:wooden_axe":61,"minecraft:dark_oak_planks":52,"minecraft:iron_axe":67,"minecraft:light_blue_bed":1,"minecraft:gray_bed":3,"undead_revamp2:arapholia":1,"minecraft:light_gray_bed":6,"minecraft:oak_planks":51,"minecraft:cartography_table":4,"minecraft:sandstone":3,"minecraft:composter":4,"minecraft:fletching_table":8,"minecraft:green_bed":1,"minecraft:sand":1,"minecraft:oak_slab":9,"minecraft:crafting_table":3,"minecraft:white_bed":3,"minecraft:birch_fence":1,"minecraft:cyan_bed":3,"minecraft:bread":21,"minecraft:iron_pickaxe":12,"minecraft:lectern":25,"minecraft:stone_axe":4,"minecraft:pink_bed":1,"minecraft:potion":2,"minecraft:purple_bed":2,"minecraft:smithing_table":2,"minecraft:experience_bottle":2},"minecraft:custom":{"minecraft:mob_kills":1,"minecraft:interact_with_crafting_table":13,"minecraft:bell_ring":33,"minecraft:leave_game":5,"minecraft:time_since_death":29738,"minecraft:climb_one_cm":18437,"minecraft:sprint_one_cm":282257,"minecraft:walk_one_cm":357558,"minecraft:drop":31,"minecraft:talked_to_villager":83,"minecraft:play_time":114541,"minecraft:deaths":3,"minecraft:sneak_time":3519,"minecraft:walk_under_water_one_cm":1664,"minecraft:jump":1550,"minecraft:interact_with_brewingstand":1,"minecraft:walk_on_water_one_cm":6683,"minecraft:total_world_time":114541,"minecraft:traded_with_villager":13,"minecraft:sleep_in_bed":8,"minecraft:time_since_rest":6108,"minecraft:damage_taken":1644,"minecraft:damage_dealt":610,"minecraft:swim_one_cm":34682,"minecraft:fly_one_cm":325321,"minecraft:open_chest":42,"minecraft:crouch_one_cm":8281,"minecraft:fall_one_cm":42557},"minecraft:dropped":{"minecraft:bread":38,"minecraft:glass_bottle":3,"minecraft:crossbow":1,"minecraft:green_dye":1,"minecraft:cactus":6,"minecraft:bone":1,"minecraft:goat_horn":2,"minecraft:wheat":1,"minecraft:beetroot":1,"minecraft:carrot":4,"supplementaries:flax_seeds":6,"minecraft:potato":17,"minecraft:arrow":11},"minecraft:killed_by":{"minecraft:iron_golem":2,"takesapillage:clay_golem":1}},"DataVersion":3465}