{"stats":{"minecraft:custom":{"minecraft:animals_bred":1,"minecraft:interact_with_crafting_table":41,"minecraft:bell_ring":33,"minecraft:eat_cake_slice":9,"minecraft:leave_game":16,"minecraft:time_since_death":33317,"minecraft:sprint_one_cm":1326397,"minecraft:drop":186,"minecraft:talked_to_villager":910,"minecraft:play_time":583801,"minecraft:deaths":21,"minecraft:jump":8860,"minecraft:interact_with_brewingstand":2,"minecraft:walk_on_water_one_cm":49677,"minecraft:interact_with_furnace":24,"minecraft:traded_with_villager":145,"minecraft:sleep_in_bed":37,"tombstone:sneak_grave":1,"minecraft:damage_dealt":26945,"minecraft:crouch_one_cm":36165,"tombstone:undead_killed":21,"tombstone:villager_killed":5,"minecraft:interact_with_smoker":1,"minecraft:interact_with_smithing_table":2,"minecraft:mob_kills":86,"minecraft:damage_dealt_resisted":1084,"minecraft:climb_one_cm":59693,"minecraft:walk_one_cm":1509800,"minecraft:sneak_time":12940,"minecraft:walk_under_water_one_cm":17361,"minecraft:boat_one_cm":217501,"minecraft:interact_with_blast_furnace":3,"minecraft:total_world_time":583801,"tombstone:raider_killed":5,"minecraft:pot_flower":1,"minecraft:time_since_rest":32019,"minecraft:damage_absorbed":60,"minecraft:damage_taken":12432,"tombstone:cast_on_ally":0,"minecraft:swim_one_cm":122638,"minecraft:fly_one_cm":1908921,"minecraft:open_chest":239,"minecraft:fall_one_cm":208952},"minecraft:crafted":{"minecraft:smooth_stone":3,"minecraft:oak_planks":228,"iceandfire:deathworm_yellow_chestplate":1,"minecraft:stone":3,"minecraft:bookshelf":3,"luminousworld:palmplank":40,"iceandfire:deathworm_red_boots":1,"minecraft:oak_slab":6,"sophisticatedbackpacks:backpack":2,"minecraft:emerald":116,"minecraft:crafting_table":6,"minecraft:acacia_slab":6,"iceandfire:armor_red_chestplate":1,"minecraft:smithing_table":1,"minecraft:fletching_table":2,"minecraft:acacia_button":1,"minecraft:cartography_table":1,"minecraft:lectern":1,"minecraft:iron_chestplate":4,"minecraft:paper":624,"minecraft:stick":2640,"minecraft:iron_ingot":10,"minecraft:iron_pickaxe":2,"minecraft:compass":1,"minecraft:sandstone":19,"iceandfire:armor_bronze_helmet":1,"iceandfire:deathworm_yellow_boots":1,"minecraft:stone_shovel":1,"quark:jungle_chest":2,"minecraft:furnace":1,"minecraft:blast_furnace":1,"aether:red_cape":1,"minecraft:leather":1,"minecraft:iron_axe":3,"minecraft:ladder":8,"minecraft:filled_map":1,"minecraft:chiseled_sandstone":1,"minecraft:dark_oak_planks":52,"minecraft:wheat":306,"sophisticatedbackpacks:iron_backpack":2,"minecraft:cyan_bed":1,"minecraft:iron_sword":1,"minecraft:mangrove_planks":64,"minecraft:bone":6,"minecraft:stone_axe":14,"minecraft:jungle_planks":172,"minecraft:bread":143,"minecraft:air":0,"iceandfire:armor_red_helmet":1,"supplementaries:speaker_block":1,"minecraft:oak_boat":1,"minecraft:wooden_axe":2,"minecraft:iron_leggings":4,"minecraft:white_bed":2,"iceandfire:armor_bronze_leggings":1,"minecraft:acacia_planks":320,"minecraft:torch":96},"minecraft:mined":{"minecraft:dark_oak_planks":4,"minecraft:white_bed":2,"minecraft:pink_bed":1,"placeablesmod:cooked_beef_block":2,"minecraft:jungle_leaves":8,"minecraft:brewing_stand":2,"minecraft:granite":2,"minecraft:acacia_log":96,"minecraft:grass_block":7,"minecraft:infested_cobblestone":1,"minecraft:jungle_log":11,"minecraft:light_gray_bed":6,"minecraft:composter":11,"supplementaries:speaker_block":2,"minecraft:chiseled_stone_bricks":5,"luminousworld:savanna_grass_2":1,"ecologics:prickly_pear":1,"minecraft:glowstone":1,"minecraft:iron_ore":12,"minecraft:fire":3,"minecraft:pumpkin":7,"minecraft:deepslate_lapis_ore":4,"minecraft:fletching_table":9,"supplementaries:stick":6,"iceandfire:gold_pile":12,"minecraft:water_cauldron":2,"minecraft:oak_stairs":2,"minecraft:green_bed":1,"minecraft:sandstone_slab":6,"luminousworld:tall_deadbush":1,"minecraft:melon_stem":11,"minecraft:torch":10,"minecraft:blast_furnace":20,"minecraft:melon":6,"minecraft:chest":1,"minecraft:dead_bush":5,"minecraft:cobblestone":3,"minecraft:oak_planks":27,"minecraft:cyan_bed":4,"minecraft:sugar_cane":531,"minecraft:grindstone":6,"placeablesmod:bread_full_block":1,"minecraft:wall_torch":6,"minecraft:cyan_wool":6,"minecraft:acacia_sapling":1,"minecraft:jungle_wood":38,"minecraft:wheat":48,"minecraft:tnt":2,"minecraft:potted_poppy":1,"minecraft:grass":9,"quark:birch_chest":8,"minecraft:oak_log":175,"minecraft:beetroots":99,"minecraft:sand":89,"minecraft:mangrove_log":33,"luminousworld:palm_log":10,"minecraft:netherrack":4,"luminousworld:savannah_grass_4":2,"minecraft:oak_leaves":31,"minecraft:deepslate":65,"luminousworld:savannah_ground":1,"minecraft:attached_pumpkin_stem":7,"minecraft:mangrove_roots":6,"minecraft:jungle_planks":11,"minecraft:acacia_button":1,"minecraft:cartography_table":3,"minecraft:sandstone":29,"minecraft:hay_block":25,"minecraft:furnace":3,"minecraft:carrots":33,"minecraft:andesite":17,"minecraft:gold_block":4,"minecraft:bell":1,"minecraft:bookshelf":24,"minecraft:potatoes":52,"minecraft:vine":1,"minecraft:stripped_oak_log":50,"minecraft:stone":88,"minecraft:white_wool":23,"minecraft:smithing_table":3,"minecraft:oak_slab":4,"minecraft:acacia_leaves":20,"minecraft:glass_pane":6,"minecraft:red_wool":6,"minecraft:crafting_table":1,"luminousworld:savannah_grass_1":3,"minecraft:lectern":475,"minecraft:copper_ore":65,"minecraft:diorite":10,"supplementaries:urn":5,"minecraft:purple_bed":3,"minecraft:light_blue_bed":1,"minecraft:gray_bed":3,"minecraft:spruce_log":1,"minecraft:mangrove_leaves":31,"iceandfire:silver_pile":1,"minecraft:coal_ore":109,"luminousworld:ishstone":18,"minecraft:gravel":53,"minecraft:acacia_planks":3,"luminousworld:elephant_grass":4,"minecraft:birch_fence":14,"minecraft:fern":3,"undead_revamp2:arapholia":1},"minecraft:broken":{"iceandfire:deathworm_yellow_boots":1,"minecraft:iron_leggings":1,"mowziesmobs:umvuthana_mask_rage":1,"minecraft:stone_axe":8,"minecraft:wooden_axe":2,"minecraft:iron_axe":2,"minecraft:iron_pickaxe":2},"minecraft:used":{"minecraft:beetroot":15,"minecraft:writable_book":3,"minecraft:ladder":8,"minecraft:chest":1,"minecraft:iron_sword":94,"minecraft:bell":1,"luminousworld:savannah_ground":1,"minecraft:rotten_flesh":4,"minecraft:cocoa_beans":12,"minecraft:jungle_planks":132,"iceandfire:deathworm_yellow_chestplate":1,"ecologics:prickly_pear":2,"minecraft:acacia_sapling":4,"minecraft:acacia_button":4,"minecraft:light_blue_bed":1,"iceandfire:deathworm_red_boots":1,"minecraft:mangrove_roots":5,"supplementaries:ash":5,"minecraft:oak_sapling":31,"minecraft:furnace":3,"minecraft:gray_bed":3,"minecraft:beetroot_seeds":205,"minecraft:gold_block":2,"iceandfire:armor_bronze_helmet":1,"minecraft:oak_planks":64,"minecraft:sandstone":44,"minecraft:composter":4,"minecraft:sugar_cane":84,"minecraft:golden_apple":2,"minecraft:sand":29,"minecraft:blast_furnace":21,"minecraft:pumpkin_seeds":16,"minecraft:birch_fence":6,"minecraft:chiseled_sandstone":1,"minecraft:bread":166,"minecraft:cyan_bed":5,"minecraft:lectern":475,"tombstone:grave_key":8,"minecraft:gravel":26,"minecraft:grindstone":6,"minecraft:smithing_table":4,"minecraft:andesite":1,"minecraft:oak_boat":2,"minecraft:experience_bottle":2,"tombstone:scroll_of_lightning_resistance":1,"sophisticatedbackpacks:iron_backpack":1,"quark:birch_chest":8,"minecraft:acacia_log":5,"minecraft:stone_shovel":26,"minecraft:netherrack":4,"minecraft:stick":6,"minecraft:torch":52,"minecraft:dirt":7,"minecraft:dark_oak_planks":52,"minecraft:wooden_axe":115,"minecraft:iron_axe":393,"minecraft:oak_stairs":1,"minecraft:acacia_slab":2,"supplementaries:speaker_block":3,"minecraft:melon_seeds":21,"alexsmobs:banana":1,"tombstone:gift":5,"undead_revamp2:arapholia":1,"minecraft:cooked_beef":3,"minecraft:cobbled_deepslate":63,"minecraft:acacia_planks":34,"minecraft:pumpkin":7,"minecraft:light_gray_bed":6,"minecraft:wheat_seeds":55,"minecraft:yellow_banner":1,"minecraft:cartography_table":4,"minecraft:green_bed":1,"minecraft:fletching_table":11,"iceandfire:deathworm_yellow_boots":1,"minecraft:oak_slab":9,"minecraft:crafting_table":7,"minecraft:white_bed":4,"minecraft:oak_log":7,"minecraft:flower_pot":1,"minecraft:iron_pickaxe":498,"minecraft:pink_bed":1,"minecraft:stone_axe":867,"minecraft:chiseled_stone_bricks":5,"minecraft:cobblestone":15,"minecraft:potion":8,"minecraft:purple_bed":3,"minecraft:sandstone_slab":5},"minecraft:killed":{"illagerinvasion:archivist":1,"alexsmobs:lobster":1,"minecraft:spider":1,"illagerinvasion:basher":1,"naturalist:snail":1,"minecraft:skeleton":1,"illagerinvasion:provoker":2,"minecraft:silverfish":3,"minecraft:pig":1,"luminousworld:hollow":2,"minecraft:iron_golem":7,"undead_revamp2:theheavy":1,"born_in_chaos_v1:dread_hound_not_despawn":4,"minecraft:creeper":1,"luminousworld:savannah_skeleton":4,"born_in_chaos_v1:dread_hound":3,"born_in_chaos_v1:corpse_fly":5,"enemyexpansion:botfly":2,"iceandfire:sea_serpent":1,"minecraft:evoker":1,"alexsmobs:seagull":1,"enemyexpansion:direwolf":2,"iceandfire:fire_dragon":2,"takesapillage:clay_golem":3,"iceandfire:deathworm":2,"luminousworld:savannah_zombie":3,"enemyexpansion:scorpion":1,"born_in_chaos_v1:bone_imp_minion":1,"undead_revamp2:the_moonflower":3,"enemyexpansion:sprinter":1,"minecraft:wandering_trader":1,"mowziesmobs:umvuthana_follower_raptor":5,"born_in_chaos_v1:decrepit_skeleton":1,"undead_revamp2:thesomnolence":1,"born_in_chaos_v1:decaying_zombie":1,"iceandfire:ghost":3,"naturalist:lizard":1,"minecraft:villager":4},"minecraft:killed_by":{"born_in_chaos_v1:bone_imp_minion":2,"born_in_chaos_v1:corpse_fly":1,"enemyexpansion:scorpion":1,"iceandfire:fire_dragon":11,"takesapillage:clay_golem":1,"minecraft:iron_golem":2},"minecraft:picked_up":{"minecraft:wooden_axe":1,"iceandfire:deathworm_egg":2,"minecraft:iron_chestplate":1,"minecraft:wheat":335,"minecraft:flower_pot":1,"minecraft:lead":2,"minecraft:sentry_armor_trim_smithing_template":8,"minecraft:smithing_table":3,"minecraft:oak_stairs":1,"minecraft:potion":2,"minecraft:enchanted_book":9,"iceandfire:myrmex_jungle_chitin":3,"minecraft:brewing_stand":5,"minecraft:string":10,"minecraft:raw_copper":227,"minecraft:zombie_head":1,"minecraft:beetroot":61,"minecraft:cobbled_deepslate":63,"minecraft:gold_nugget":88,"alexsmobs:banana":1,"minecraft:eye_armor_trim_smithing_template":2,"minecraft:melon_slice":34,"iceandfire:dragonscales_red":13,"minecraft:mangrove_log":32,"minecraft:furnace":5,"minecraft:stick":35,"supplementaries:speaker_block":2,"minecraft:composter":17,"minecraft:torch":31,"minecraft:acacia_log":101,"minecraft:green_bed":1,"minecraft:porkchop":4,"minecraft:diorite":10,"minecraft:cauldron":3,"minecraft:yellow_banner":7,"quark:ancient_tome":4,"minecraft:cactus":10,"minecraft:light_gray_bed":6,"minecraft:rotten_flesh":44,"supplementaries:antique_ink":2,"iceandfire:deathworm_chitin_yellow":13,"iceandfire:fire_dragon_heart":2,"minecraft:mangrove_roots":5,"supplementaries:ash":12,"undead_revamp2:arapholia":1,"minecraft:cobblestone":93,"luminousworld:savannah_ground":15,"minecraft:feather":5,"minecraft:cooked_beef":7,"minecraft:andesite":35,"minecraft:jungle_log":11,"minecraft:jungle_wood":38,"minecraft:potato":183,"minecraft:flint":4,"supplementaries:flax_seeds":4,"minecraft:lapis_lazuli":25,"minecraft:dirt":7,"iceandfire:dragonscales_bronze":13,"minecraft:lantern":1,"born_in_chaos_v1:monster_skin":5,"minecraft:bone":9,"minecraft:acacia_planks":3,"undead_revamp2:blacpetalblock":1,"iceandfire:myrmex_jungle_resin":1,"minecraft:wheat_seeds":121,"minecraft:bell":1,"minecraft:grindstone":8,"luminousworld:elephant_grass":2,"minecraft:fletching_table":9,"minecraft:glowstone_dust":4,"minecraft:bamboo":1,"minecraft:oak_planks":26,"ecologics:prickly_pear":2,"iceandfire:dragon_skull_fire":5,"minecraft:sand":136,"minecraft:jungle_planks":11,"minecraft:cyan_bed":4,"minecraft:acacia_stairs":1,"alexsmobs:animal_dictionary":2,"undead_revamp2:heavytooth":4,"minecraft:iron_hoe":2,"minecraft:writable_book":1,"minecraft:granite":1,"minecraft:crossbow":2,"minecraft:bone_meal":20,"minecraft:golden_apple":4,"minecraft:emerald":26,"minecraft:bread":14,"minecraft:oak_sapling":37,"minecraft:netherrack":4,"iceandfire:silver_nugget":4,"minecraft:cocoa_beans":15,"minecraft:crafting_table":1,"minecraft:allium":12,"minecraft:sandstone_slab":18,"minecraft:clay_ball":19,"iceandfire:fire_lily":1,"luminousworld:trout":1,"minecraft:gold_block":4,"minecraft:acacia_button":3,"minecraft:birch_fence":38,"luminousworld:palm_log":10,"minecraft:cartography_table":3,"minecraft:beef":2,"minecraft:oak_boat":1,"born_in_chaos_v1:gnawed_bones":1,"minecraft:cyan_wool":6,"minecraft:iron_nugget":13,"minecraft:poppy":6,"minecraft:lectern":475,"minecraft:sugar_cane":728,"minecraft:chest":1,"minecraft:raw_iron":12,"minecraft:sandstone":28,"iceandfire:dragonbone":69,"iceandfire:deathworm_chitin_red":5,"minecraft:stone_button":2,"quark:birch_chest":8,"minecraft:carrot":150,"minecraft:redstone":8,"minecraft:light_blue_bed":1,"minecraft:dark_oak_planks":4,"minecraft:tnt":2,"minecraft:arrow":45,"minecraft:beetroot_seeds":208,"minecraft:hay_block":29,"minecraft:totem_of_undying":1,"minecraft:gold_ingot":8,"minecraft:white_wool":25,"minecraft:stripped_oak_log":50,"born_in_chaos_v1:corpse_maggot":2,"iceandfire:sea_serpent_fang":7,"born_in_chaos_v1:monster_flesh":3,"luminousworld:ishstone":16,"minecraft:leather":13,"alexsmobs:acacia_blossom":5,"minecraft:filled_map":1,"minecraft:oak_log":174,"minecraft:chainmail_chestplate":2,"iceandfire:ectoplasm":1,"minecraft:gunpowder":4,"minecraft:paper":8,"mowziesmobs:umvuthana_mask_rage":1,"minecraft:iron_ingot":113,"minecraft:glass_bottle":1,"minecraft:gray_bed":3,"iceandfire:sea_serpent_scales_deepblue":9,"iceandfire:fire_dragon_flesh":4,"minecraft:acacia_sapling":7,"minecraft:green_dye":3,"minecraft:book":101,"minecraft:oak_slab":7,"minecraft:pink_bed":1,"iceandfire:copper_nugget":24,"minecraft:pumpkin":7,"minecraft:chiseled_stone_bricks":7,"minecraft:red_wool":6,"minecraft:gravel":74,"minecraft:blast_furnace":20,"minecraft:white_bed":2,"minecraft:pumpkin_seeds":16,"minecraft:purple_bed":3,"minecraft:iron_helmet":2,"minecraft:brown_banner":2,"minecraft:melon_seeds":21,"minecraft:coal":177},"minecraft:dropped":{"minecraft:porkchop":4,"minecraft:lapis_lazuli":9,"minecraft:glass_bottle":7,"minecraft:crossbow":1,"minecraft:lantern":1,"iceandfire:ectoplasm":1,"minecraft:emerald":13,"born_in_chaos_v1:monster_flesh":3,"minecraft:birch_fence":8,"luminousworld:trout":1,"minecraft:stone_button":2,"born_in_chaos_v1:monster_skin":5,"minecraft:writable_book":1,"minecraft:sand":17,"minecraft:white_wool":2,"minecraft:gold_ingot":4,"minecraft:bone":10,"minecraft:gravel":26,"minecraft:stone_axe":1,"minecraft:goat_horn":2,"minecraft:compass":2,"minecraft:sugar_cane":18,"minecraft:iron_nugget":23,"minecraft:wheat":20,"minecraft:beetroot":1,"minecraft:rotten_flesh":55,"minecraft:grindstone":1,"aether:leather_gloves":1,"iceandfire:fire_lily":1,"minecraft:acacia_stairs":1,"minecraft:carrot":137,"minecraft:chainmail_chestplate":2,"minecraft:chiseled_stone_bricks":2,"minecraft:poppy":3,"supplementaries:flax_seeds":6,"supplementaries:ash":4,"supplementaries:cartographers_quill":1,"minecraft:gunpowder":4,"minecraft:beetroot_seeds":3,"born_in_chaos_v1:corpse_maggot":2,"minecraft:acacia_sapling":1,"minecraft:yellow_banner":1,"minecraft:arrow":17,"minecraft:beef":2,"iceandfire:deathworm_chitin_yellow":1,"iceandfire:armor_bronze_leggings":1,"minecraft:enchanted_book":1,"minecraft:iron_ingot":35,"minecraft:bread":91,"minecraft:oak_slab":1,"minecraft:wheat_seeds":66,"minecraft:tnt":2,"minecraft:iron_helmet":2,"minecraft:feather":5,"minecraft:cobblestone":2,"minecraft:book":9,"minecraft:coal":13,"minecraft:golden_apple":2,"minecraft:stick":36,"iceandfire:armor_red_helmet":1,"minecraft:brewing_stand":1,"iceandfire:copper_nugget":28,"minecraft:green_dye":2,"luminousworld:savannah_ground":14,"minecraft:melon_slice":34,"minecraft:iron_leggings":1,"minecraft:cactus":6,"minecraft:paper":10,"minecraft:string":8,"tombstone:voodoo_poppet":1,"iceandfire:dragon_skull_fire":2,"iceandfire:dragonbone":13,"minecraft:redstone":8,"iceandfire:silver_nugget":4,"iceandfire:armor_red_chestplate":1,"minecraft:cocoa_beans":3,"minecraft:stone_shovel":1,"minecraft:clay_ball":9,"minecraft:iron_hoe":1,"minecraft:totem_of_undying":1,"minecraft:potato":184,"minecraft:hay_block":2,"undead_revamp2:heavytooth":4,"minecraft:allium":12,"minecraft:iron_chestplate":3,"iceandfire:deathworm_red_boots":1,"minecraft:andesite":18,"artifacts:antidote_vessel":1,"minecraft:bamboo":1,"luminousworld:elephant_grass":2}},"DataVersion":3465}