{"stats":{"minecraft:mined":{"undead_revamp2:arapholia":1,"minecraft:oak_slab":3,"minecraft:white_bed":2,"minecraft:pink_bed":1,"minecraft:jungle_leaves":5,"minecraft:brewing_stand":1,"minecraft:crafting_table":1,"minecraft:jungle_planks":11,"minecraft:jungle_log":2,"minecraft:dead_bush":3,"minecraft:light_gray_bed":6,"minecraft:lectern":3,"minecraft:cartography_table":1,"minecraft:oak_planks":16,"minecraft:cyan_bed":3,"minecraft:grindstone":1,"minecraft:composter":4,"minecraft:sandstone":1,"ecologics:prickly_pear":1,"minecraft:purple_bed":2,"minecraft:jungle_wood":32,"minecraft:light_blue_bed":1,"minecraft:carrots":4,"minecraft:gray_bed":3,"minecraft:fletching_table":7,"minecraft:bell":1,"minecraft:water_cauldron":2,"minecraft:sand":1,"minecraft:stripped_oak_log":18,"minecraft:white_wool":4,"minecraft:birch_fence":1,"minecraft:green_bed":1,"minecraft:dark_oak_planks":4},"minecraft:crafted":{"minecraft:oak_planks":72,"minecraft:oak_slab":6,"minecraft:crafting_table":2,"minecraft:cartography_table":1,"minecraft:jungle_planks":136,"minecraft:ladder":8,"minecraft:stick":88,"minecraft:iron_pickaxe":1,"minecraft:wooden_axe":1,"minecraft:white_bed":1,"minecraft:dark_oak_planks":52},"minecraft:picked_up":{"minecraft:stripped_oak_log":18,"minecraft:cocoa_beans":12,"minecraft:crafting_table":1,"minecraft:jungle_log":2,"minecraft:jungle_wood":32,"minecraft:potato":10,"minecraft:potion":2,"minecraft:brewing_stand":1,"minecraft:bone":1,"minecraft:birch_fence":1,"minecraft:beetroot":1,"minecraft:cartography_table":1,"minecraft:bell":1,"minecraft:grindstone":1,"minecraft:glass_bottle":1,"minecraft:fletching_table":7,"minecraft:lectern":3,"minecraft:gray_bed":3,"minecraft:oak_planks":16,"minecraft:pink_bed":1,"minecraft:oak_slab":3,"minecraft:stick":2,"ecologics:prickly_pear":2,"minecraft:composter":4,"minecraft:torch":4,"minecraft:green_bed":1,"minecraft:sand":1,"minecraft:jungle_planks":11,"minecraft:white_bed":2,"minecraft:carrot":17,"minecraft:cyan_bed":3,"minecraft:light_blue_bed":1,"minecraft:cauldron":1,"minecraft:dark_oak_planks":4,"minecraft:yellow_banner":1,"minecraft:purple_bed":2,"minecraft:arrow":13,"minecraft:cactus":1,"minecraft:light_gray_bed":6,"minecraft:bread":1,"undead_revamp2:arapholia":1,"minecraft:white_wool":4},"minecraft:broken":{"minecraft:wooden_axe":1},"minecraft:used":{"minecraft:ladder":8,"minecraft:oak_planks":35,"minecraft:cartography_table":2,"minecraft:bell":1,"minecraft:green_bed":1,"minecraft:fletching_table":6,"minecraft:torch":2,"minecraft:sand":1,"minecraft:oak_slab":6,"minecraft:crafting_table":3,"minecraft:jungle_planks":128,"minecraft:white_bed":3,"ecologics:prickly_pear":2,"minecraft:birch_fence":1,"minecraft:dark_oak_planks":52,"minecraft:wooden_axe":59,"minecraft:bread":15,"minecraft:cyan_bed":3,"minecraft:iron_pickaxe":10,"minecraft:lectern":3,"minecraft:light_blue_bed":1,"minecraft:pink_bed":1,"minecraft:potion":2,"minecraft:purple_bed":1,"minecraft:gray_bed":3,"undead_revamp2:arapholia":1,"minecraft:light_gray_bed":6,"minecraft:experience_bottle":2},"minecraft:custom":{"minecraft:interact_with_crafting_table":10,"minecraft:bell_ring":33,"minecraft:leave_game":3,"minecraft:time_since_death":23915,"minecraft:sleep_in_bed":5,"minecraft:climb_one_cm":13451,"minecraft:time_since_rest":6704,"minecraft:sprint_one_cm":206032,"minecraft:damage_taken":1024,"minecraft:walk_one_cm":280376,"minecraft:drop":28,"minecraft:damage_dealt":440,"minecraft:swim_one_cm":16846,"minecraft:talked_to_villager":23,"minecraft:fly_one_cm":233398,"minecraft:open_chest":34,"minecraft:crouch_one_cm":6196,"minecraft:play_time":83851,"minecraft:sneak_time":2749,"minecraft:deaths":2,"minecraft:walk_under_water_one_cm":1070,"minecraft:interact_with_brewingstand":1,"minecraft:jump":1093,"minecraft:walk_on_water_one_cm":4322,"minecraft:total_world_time":83851,"minecraft:fall_one_cm":33119},"minecraft:dropped":{"minecraft:bread":36,"minecraft:goat_horn":2,"minecraft:glass_bottle":3,"minecraft:crossbow":1,"minecraft:beetroot":1,"minecraft:carrot":4,"supplementaries:flax_seeds":6,"minecraft:potato":17,"minecraft:green_dye":1,"minecraft:arrow":11,"minecraft:cactus":6,"minecraft:bone":1},"minecraft:killed_by":{"minecraft:iron_golem":1,"takesapillage:clay_golem":1}},"DataVersion":3465}