{"stats":{"minecraft:dropped":{"minecraft:porkchop":4,"minecraft:lapis_lazuli":9,"minecraft:glass_bottle":3,"minecraft:crossbow":1,"iceandfire:ectoplasm":1,"minecraft:emerald":1,"born_in_chaos_v1:monster_flesh":3,"minecraft:birch_fence":8,"minecraft:stone_button":2,"born_in_chaos_v1:monster_skin":4,"minecraft:writable_book":1,"minecraft:sand":17,"minecraft:white_wool":2,"minecraft:bone":10,"minecraft:gravel":26,"minecraft:stone_axe":1,"minecraft:goat_horn":2,"minecraft:sugar_cane":18,"minecraft:iron_nugget":23,"minecraft:wheat":20,"minecraft:beetroot":1,"minecraft:rotten_flesh":20,"minecraft:grindstone":1,"aether:leather_gloves":1,"minecraft:acacia_stairs":1,"minecraft:carrot":137,"minecraft:poppy":3,"supplementaries:flax_seeds":6,"supplementaries:ash":1,"supplementaries:cartographers_quill":1,"minecraft:beetroot_seeds":3,"born_in_chaos_v1:corpse_maggot":2,"minecraft:acacia_sapling":1,"minecraft:yellow_banner":1,"minecraft:arrow":13,"minecraft:beef":2,"iceandfire:armor_bronze_leggings":1,"minecraft:enchanted_book":1,"minecraft:bread":91,"minecraft:oak_slab":1,"minecraft:wheat_seeds":65,"minecraft:tnt":2,"minecraft:feather":5,"minecraft:cobblestone":2,"minecraft:book":9,"minecraft:coal":13,"minecraft:stick":31,"iceandfire:armor_red_helmet":1,"minecraft:brewing_stand":1,"iceandfire:copper_nugget":28,"minecraft:green_dye":2,"luminousworld:savannah_ground":14,"minecraft:melon_slice":34,"minecraft:iron_leggings":1,"minecraft:cactus":6,"minecraft:paper":10,"iceandfire:dragon_skull_fire":2,"iceandfire:dragonbone":13,"iceandfire:armor_red_chestplate":1,"iceandfire:silver_nugget":4,"minecraft:cocoa_beans":3,"minecraft:stone_shovel":1,"minecraft:clay_ball":9,"minecraft:potato":184,"minecraft:hay_block":2,"undead_revamp2:heavytooth":4,"minecraft:allium":12,"minecraft:iron_chestplate":3,"iceandfire:deathworm_red_boots":1,"minecraft:andesite":18,"artifacts:antidote_vessel":1,"luminousworld:elephant_grass":2},"minecraft:killed_by":{"born_in_chaos_v1:bone_imp_minion":2,"enemyexpansion:scorpion":1,"iceandfire:fire_dragon":11,"takesapillage:clay_golem":1,"minecraft:iron_golem":2},"minecraft:crafted":{"minecraft:oak_planks":208,"minecraft:smooth_stone":3,"iceandfire:deathworm_yellow_chestplate":1,"minecraft:stone":3,"minecraft:bookshelf":3,"iceandfire:deathworm_red_boots":1,"luminousworld:palmplank":40,"minecraft:oak_slab":6,"minecraft:emerald":116,"minecraft:crafting_table":4,"minecraft:acacia_slab":6,"iceandfire:armor_red_chestplate":1,"minecraft:smithing_table":1,"minecraft:fletching_table":2,"minecraft:acacia_button":1,"minecraft:cartography_table":1,"minecraft:lectern":1,"minecraft:iron_chestplate":4,"minecraft:paper":624,"minecraft:stick":2600,"minecraft:iron_ingot":10,"minecraft:compass":1,"minecraft:iron_pickaxe":2,"minecraft:sandstone":19,"iceandfire:armor_bronze_helmet":1,"iceandfire:deathworm_yellow_boots":1,"minecraft:stone_shovel":1,"minecraft:blast_furnace":1,"aether:red_cape":1,"minecraft:ladder":8,"minecraft:iron_axe":2,"minecraft:filled_map":1,"minecraft:chiseled_sandstone":1,"minecraft:dark_oak_planks":52,"minecraft:wheat":189,"minecraft:cyan_bed":1,"minecraft:mangrove_planks":64,"minecraft:bone":6,"minecraft:stone_axe":14,"minecraft:jungle_planks":136,"minecraft:bread":104,"minecraft:air":0,"iceandfire:armor_red_helmet":1,"supplementaries:speaker_block":1,"minecraft:oak_boat":1,"minecraft:wooden_axe":2,"minecraft:iron_leggings":4,"minecraft:white_bed":2,"iceandfire:armor_bronze_leggings":1,"minecraft:acacia_planks":320},"minecraft:killed":{"alexsmobs:lobster":1,"minecraft:spider":1,"illagerinvasion:basher":1,"naturalist:snail":1,"minecraft:skeleton":1,"minecraft:pig":1,"luminousworld:hollow":2,"minecraft:iron_golem":7,"undead_revamp2:theheavy":1,"born_in_chaos_v1:dread_hound_not_despawn":4,"luminousworld:savannah_skeleton":4,"born_in_chaos_v1:dread_hound":1,"born_in_chaos_v1:corpse_fly":4,"iceandfire:sea_serpent":1,"alexsmobs:seagull":1,"enemyexpansion:direwolf":2,"iceandfire:fire_dragon":2,"takesapillage:clay_golem":3,"iceandfire:deathworm":2,"luminousworld:savannah_zombie":3,"enemyexpansion:scorpion":1,"born_in_chaos_v1:bone_imp_minion":1,"undead_revamp2:the_moonflower":1,"minecraft:wandering_trader":1,"mowziesmobs:umvuthana_follower_raptor":5,"born_in_chaos_v1:decrepit_skeleton":1,"undead_revamp2:thesomnolence":1,"born_in_chaos_v1:decaying_zombie":1,"iceandfire:ghost":2,"naturalist:lizard":1,"minecraft:villager":4},"minecraft:mined":{"minecraft:dark_oak_planks":4,"minecraft:white_bed":2,"minecraft:pink_bed":1,"minecraft:jungle_leaves":7,"minecraft:brewing_stand":1,"minecraft:granite":1,"minecraft:acacia_log":96,"minecraft:grass_block":7,"minecraft:jungle_log":2,"minecraft:light_gray_bed":6,"minecraft:composter":7,"supplementaries:speaker_block":2,"luminousworld:savanna_grass_2":1,"ecologics:prickly_pear":1,"minecraft:glowstone":1,"minecraft:iron_ore":10,"minecraft:pumpkin":7,"minecraft:fletching_table":9,"minecraft:deepslate_lapis_ore":4,"supplementaries:stick":6,"iceandfire:gold_pile":12,"minecraft:water_cauldron":2,"minecraft:green_bed":1,"minecraft:sandstone_slab":6,"luminousworld:tall_deadbush":1,"minecraft:melon_stem":11,"minecraft:torch":3,"minecraft:blast_furnace":19,"minecraft:melon":6,"minecraft:dead_bush":5,"minecraft:cyan_bed":4,"minecraft:grindstone":6,"minecraft:sugar_cane":531,"minecraft:oak_planks":25,"minecraft:wall_torch":2,"minecraft:cyan_wool":6,"minecraft:acacia_sapling":1,"minecraft:jungle_wood":38,"minecraft:wheat":48,"minecraft:tnt":2,"minecraft:potted_poppy":1,"quark:birch_chest":8,"minecraft:oak_log":170,"minecraft:beetroots":99,"minecraft:sand":89,"minecraft:mangrove_log":33,"luminousworld:palm_log":10,"minecraft:netherrack":4,"luminousworld:savannah_grass_4":2,"minecraft:oak_leaves":30,"minecraft:deepslate":65,"luminousworld:savannah_ground":1,"minecraft:attached_pumpkin_stem":7,"minecraft:mangrove_roots":6,"minecraft:jungle_planks":11,"minecraft:acacia_button":1,"minecraft:cartography_table":3,"minecraft:sandstone":29,"minecraft:hay_block":25,"minecraft:furnace":3,"minecraft:carrots":33,"minecraft:andesite":10,"minecraft:gold_block":4,"minecraft:bell":1,"minecraft:bookshelf":24,"minecraft:potatoes":52,"minecraft:vine":1,"minecraft:stripped_oak_log":50,"minecraft:stone":62,"minecraft:white_wool":23,"minecraft:smithing_table":3,"minecraft:oak_slab":4,"minecraft:acacia_leaves":20,"minecraft:glass_pane":2,"minecraft:red_wool":6,"minecraft:crafting_table":1,"luminousworld:savannah_grass_1":3,"minecraft:lectern":475,"minecraft:copper_ore":2,"minecraft:diorite":9,"minecraft:purple_bed":3,"minecraft:light_blue_bed":1,"minecraft:gray_bed":3,"minecraft:spruce_log":1,"minecraft:mangrove_leaves":31,"minecraft:coal_ore":14,"iceandfire:silver_pile":1,"luminousworld:ishstone":2,"minecraft:gravel":53,"minecraft:acacia_planks":3,"luminousworld:elephant_grass":4,"minecraft:birch_fence":14,"undead_revamp2:arapholia":1},"minecraft:used":{"minecraft:beetroot":15,"minecraft:writable_book":3,"minecraft:ladder":8,"minecraft:bell":1,"luminousworld:savannah_ground":1,"minecraft:cocoa_beans":12,"minecraft:jungle_planks":128,"iceandfire:deathworm_yellow_chestplate":1,"ecologics:prickly_pear":2,"minecraft:acacia_sapling":4,"minecraft:acacia_button":4,"minecraft:light_blue_bed":1,"iceandfire:deathworm_red_boots":1,"minecraft:mangrove_roots":5,"supplementaries:ash":5,"minecraft:oak_sapling":31,"minecraft:furnace":2,"minecraft:gray_bed":3,"minecraft:beetroot_seeds":205,"minecraft:gold_block":2,"iceandfire:armor_bronze_helmet":1,"minecraft:oak_planks":56,"minecraft:sandstone":44,"minecraft:composter":4,"minecraft:sugar_cane":84,"minecraft:sand":22,"minecraft:blast_furnace":18,"minecraft:pumpkin_seeds":16,"minecraft:birch_fence":6,"minecraft:chiseled_sandstone":1,"minecraft:bread":126,"minecraft:cyan_bed":5,"minecraft:lectern":475,"tombstone:grave_key":8,"minecraft:gravel":26,"minecraft:grindstone":6,"minecraft:smithing_table":4,"minecraft:andesite":1,"minecraft:oak_boat":2,"minecraft:experience_bottle":2,"tombstone:scroll_of_lightning_resistance":1,"quark:birch_chest":8,"minecraft:acacia_log":5,"minecraft:stone_shovel":26,"minecraft:netherrack":4,"minecraft:stick":6,"minecraft:torch":12,"minecraft:dirt":7,"minecraft:dark_oak_planks":52,"minecraft:wooden_axe":115,"minecraft:iron_axe":376,"minecraft:acacia_slab":2,"supplementaries:speaker_block":3,"minecraft:melon_seeds":21,"tombstone:gift":5,"undead_revamp2:arapholia":1,"minecraft:cobbled_deepslate":63,"minecraft:acacia_planks":34,"minecraft:pumpkin":7,"minecraft:light_gray_bed":6,"minecraft:wheat_seeds":55,"minecraft:yellow_banner":1,"minecraft:cartography_table":4,"minecraft:green_bed":1,"minecraft:fletching_table":11,"iceandfire:deathworm_yellow_boots":1,"minecraft:oak_slab":9,"minecraft:crafting_table":5,"minecraft:white_bed":4,"minecraft:oak_log":7,"minecraft:flower_pot":1,"minecraft:iron_pickaxe":267,"minecraft:stone_axe":849,"minecraft:pink_bed":1,"minecraft:cobblestone":1,"minecraft:potion":6,"minecraft:purple_bed":3,"minecraft:sandstone_slab":5},"minecraft:custom":{"minecraft:animals_bred":1,"minecraft:interact_with_crafting_table":31,"minecraft:bell_ring":33,"minecraft:eat_cake_slice":9,"minecraft:leave_game":13,"minecraft:time_since_death":10258,"minecraft:sprint_one_cm":1070721,"minecraft:drop":147,"minecraft:talked_to_villager":909,"minecraft:play_time":501988,"minecraft:deaths":20,"minecraft:jump":7457,"minecraft:interact_with_brewingstand":1,"minecraft:walk_on_water_one_cm":42138,"minecraft:interact_with_furnace":14,"minecraft:traded_with_villager":145,"minecraft:sleep_in_bed":34,"tombstone:sneak_grave":1,"minecraft:damage_dealt":22388,"minecraft:crouch_one_cm":34220,"tombstone:undead_killed":17,"tombstone:villager_killed":5,"minecraft:interact_with_smoker":1,"minecraft:interact_with_smithing_table":2,"minecraft:mob_kills":63,"minecraft:damage_dealt_resisted":1084,"minecraft:climb_one_cm":48764,"minecraft:walk_one_cm":1288800,"minecraft:sneak_time":12215,"minecraft:walk_under_water_one_cm":11774,"minecraft:boat_one_cm":164210,"minecraft:interact_with_blast_furnace":1,"minecraft:total_world_time":501988,"tombstone:raider_killed":1,"minecraft:pot_flower":1,"minecraft:time_since_rest":10074,"minecraft:damage_taken":9835,"tombstone:cast_on_ally":0,"minecraft:swim_one_cm":111978,"minecraft:fly_one_cm":1637010,"minecraft:open_chest":178,"minecraft:fall_one_cm":175525},"minecraft:picked_up":{"minecraft:wooden_axe":1,"iceandfire:deathworm_egg":2,"minecraft:iron_chestplate":1,"minecraft:wheat":335,"minecraft:flower_pot":1,"minecraft:smithing_table":3,"minecraft:sentry_armor_trim_smithing_template":8,"minecraft:lead":2,"minecraft:potion":2,"minecraft:enchanted_book":9,"minecraft:brewing_stand":4,"minecraft:string":2,"minecraft:raw_copper":6,"minecraft:beetroot":61,"minecraft:gold_nugget":88,"minecraft:cobbled_deepslate":63,"minecraft:eye_armor_trim_smithing_template":2,"minecraft:melon_slice":34,"iceandfire:dragonscales_red":13,"minecraft:mangrove_log":32,"minecraft:furnace":5,"minecraft:stick":35,"supplementaries:speaker_block":2,"minecraft:composter":13,"minecraft:torch":20,"minecraft:acacia_log":101,"minecraft:green_bed":1,"minecraft:porkchop":4,"minecraft:diorite":9,"minecraft:cauldron":3,"minecraft:yellow_banner":7,"quark:ancient_tome":4,"minecraft:light_gray_bed":6,"minecraft:cactus":10,"minecraft:rotten_flesh":25,"iceandfire:deathworm_chitin_yellow":13,"iceandfire:fire_dragon_heart":2,"minecraft:mangrove_roots":5,"supplementaries:ash":1,"undead_revamp2:arapholia":1,"minecraft:cobblestone":65,"luminousworld:savannah_ground":15,"minecraft:feather":5,"minecraft:andesite":28,"minecraft:jungle_log":2,"minecraft:jungle_wood":38,"minecraft:potato":183,"minecraft:flint":4,"minecraft:lapis_lazuli":25,"iceandfire:dragonscales_bronze":13,"minecraft:dirt":7,"minecraft:lantern":1,"born_in_chaos_v1:monster_skin":5,"minecraft:bone":4,"minecraft:acacia_planks":3,"undead_revamp2:blacpetalblock":1,"minecraft:wheat_seeds":120,"minecraft:bell":1,"minecraft:grindstone":8,"luminousworld:elephant_grass":2,"minecraft:fletching_table":9,"minecraft:glowstone_dust":4,"minecraft:oak_planks":25,"ecologics:prickly_pear":2,"iceandfire:dragon_skull_fire":5,"minecraft:jungle_planks":11,"minecraft:sand":129,"minecraft:acacia_stairs":1,"minecraft:cyan_bed":4,"alexsmobs:animal_dictionary":2,"undead_revamp2:heavytooth":4,"minecraft:writable_book":1,"minecraft:crossbow":2,"minecraft:bone_meal":20,"minecraft:emerald":1,"minecraft:bread":13,"minecraft:oak_sapling":37,"minecraft:netherrack":4,"iceandfire:silver_nugget":4,"minecraft:cocoa_beans":15,"minecraft:crafting_table":1,"minecraft:allium":12,"minecraft:sandstone_slab":18,"minecraft:clay_ball":19,"minecraft:gold_block":4,"minecraft:acacia_button":3,"minecraft:birch_fence":38,"luminousworld:palm_log":10,"minecraft:cartography_table":3,"minecraft:beef":2,"minecraft:oak_boat":1,"born_in_chaos_v1:gnawed_bones":1,"minecraft:cyan_wool":6,"minecraft:iron_nugget":13,"minecraft:poppy":6,"minecraft:lectern":475,"minecraft:sugar_cane":728,"minecraft:raw_iron":10,"minecraft:sandstone":28,"iceandfire:dragonbone":69,"iceandfire:deathworm_chitin_red":5,"minecraft:stone_button":2,"quark:birch_chest":8,"minecraft:carrot":150,"minecraft:light_blue_bed":1,"minecraft:dark_oak_planks":4,"minecraft:tnt":2,"minecraft:arrow":41,"minecraft:beetroot_seeds":208,"minecraft:hay_block":29,"minecraft:white_wool":25,"minecraft:stripped_oak_log":50,"born_in_chaos_v1:corpse_maggot":2,"iceandfire:sea_serpent_fang":7,"born_in_chaos_v1:monster_flesh":3,"minecraft:leather":6,"alexsmobs:acacia_blossom":5,"minecraft:filled_map":1,"minecraft:oak_log":169,"iceandfire:ectoplasm":1,"minecraft:paper":8,"mowziesmobs:umvuthana_mask_rage":1,"minecraft:iron_ingot":43,"minecraft:glass_bottle":1,"minecraft:gray_bed":3,"iceandfire:sea_serpent_scales_deepblue":9,"iceandfire:fire_dragon_flesh":4,"minecraft:acacia_sapling":7,"minecraft:green_dye":3,"minecraft:book":100,"minecraft:oak_slab":7,"minecraft:pink_bed":1,"iceandfire:copper_nugget":24,"minecraft:pumpkin":7,"minecraft:red_wool":6,"minecraft:gravel":74,"minecraft:blast_furnace":19,"minecraft:white_bed":2,"minecraft:pumpkin_seeds":16,"minecraft:purple_bed":3,"minecraft:brown_banner":2,"minecraft:melon_seeds":21,"minecraft:coal":82},"minecraft:broken":{"mowziesmobs:umvuthana_mask_rage":1,"minecraft:stone_axe":7,"minecraft:wooden_axe":2,"minecraft:iron_axe":2,"minecraft:iron_pickaxe":1}},"DataVersion":3465}