{"stats":{"minecraft:dropped":{"minecraft:bread":89,"minecraft:oak_slab":1,"minecraft:glass_bottle":3,"minecraft:crossbow":1,"minecraft:cobblestone":2,"minecraft:book":9,"minecraft:coal":13,"minecraft:birch_fence":8,"minecraft:brewing_stand":1,"minecraft:green_dye":1,"minecraft:melon_slice":34,"minecraft:cactus":6,"iceandfire:dragon_skull_fire":1,"iceandfire:dragonbone":13,"minecraft:bone":4,"minecraft:goat_horn":2,"minecraft:wheat":20,"minecraft:beetroot":1,"minecraft:grindstone":1,"minecraft:clay_ball":9,"minecraft:carrot":137,"minecraft:poppy":2,"supplementaries:flax_seeds":6,"minecraft:potato":184,"minecraft:allium":3,"minecraft:yellow_banner":1,"minecraft:arrow":11},"minecraft:killed_by":{"minecraft:iron_golem":2,"born_in_chaos_v1:bone_imp_minion":2,"iceandfire:fire_dragon":1,"takesapillage:clay_golem":1},"minecraft:crafted":{"minecraft:smooth_stone":3,"minecraft:oak_planks":136,"minecraft:blast_furnace":1,"minecraft:stone":3,"minecraft:bookshelf":3,"aether:red_cape":1,"minecraft:iron_axe":2,"minecraft:ladder":8,"minecraft:dark_oak_planks":52,"minecraft:wheat":189,"luminousworld:palmplank":40,"minecraft:oak_slab":6,"minecraft:emerald":55,"minecraft:crafting_table":2,"minecraft:acacia_slab":6,"minecraft:cyan_bed":1,"minecraft:smithing_table":1,"minecraft:mangrove_planks":64,"minecraft:acacia_button":1,"minecraft:stone_axe":4,"minecraft:bread":98,"minecraft:air":0,"minecraft:cartography_table":1,"minecraft:jungle_planks":136,"supplementaries:speaker_block":1,"minecraft:lectern":1,"minecraft:paper":294,"minecraft:stick":1368,"minecraft:iron_pickaxe":1,"minecraft:wooden_axe":2,"minecraft:sandstone":17,"minecraft:white_bed":2,"minecraft:acacia_planks":296},"minecraft:killed":{"enemyexpansion:direwolf":2,"takesapillage:clay_golem":1,"born_in_chaos_v1:bone_imp_minion":1,"minecraft:iron_golem":4,"minecraft:wandering_trader":1,"minecraft:villager":4},"minecraft:mined":{"minecraft:attached_pumpkin_stem":7,"minecraft:white_bed":2,"minecraft:pink_bed":1,"minecraft:jungle_leaves":7,"minecraft:mangrove_roots":6,"minecraft:brewing_stand":1,"minecraft:acacia_log":88,"minecraft:grass_block":7,"minecraft:jungle_planks":11,"minecraft:acacia_button":1,"minecraft:jungle_log":2,"minecraft:light_gray_bed":6,"minecraft:composter":7,"minecraft:cartography_table":3,"supplementaries:speaker_block":2,"minecraft:sandstone":3,"ecologics:prickly_pear":1,"minecraft:hay_block":23,"minecraft:glowstone":1,"minecraft:furnace":3,"minecraft:carrots":33,"minecraft:pumpkin":7,"minecraft:fletching_table":8,"minecraft:bell":1,"minecraft:potatoes":52,"supplementaries:stick":1,"minecraft:vine":1,"minecraft:water_cauldron":2,"minecraft:stripped_oak_log":36,"minecraft:stone":7,"minecraft:white_wool":22,"minecraft:green_bed":1,"minecraft:smithing_table":2,"minecraft:sandstone_slab":4,"minecraft:oak_slab":4,"minecraft:acacia_leaves":20,"minecraft:red_wool":6,"minecraft:melon_stem":11,"minecraft:crafting_table":1,"minecraft:torch":1,"luminousworld:savannah_grass_1":3,"minecraft:blast_furnace":16,"minecraft:melon":6,"minecraft:dead_bush":4,"minecraft:lectern":474,"minecraft:oak_planks":25,"minecraft:cyan_bed":4,"minecraft:sugar_cane":303,"minecraft:grindstone":6,"minecraft:wall_torch":2,"minecraft:cyan_wool":6,"minecraft:purple_bed":3,"minecraft:acacia_sapling":1,"minecraft:jungle_wood":38,"minecraft:light_blue_bed":1,"minecraft:wheat":48,"minecraft:gray_bed":3,"minecraft:mangrove_leaves":30,"minecraft:potted_poppy":1,"quark:birch_chest":8,"minecraft:oak_log":21,"minecraft:coal_ore":14,"minecraft:beetroots":66,"minecraft:sand":79,"minecraft:mangrove_log":33,"luminousworld:palm_log":10,"minecraft:acacia_planks":3,"luminousworld:elephant_grass":1,"luminousworld:savannah_grass_4":1,"minecraft:oak_leaves":9,"minecraft:birch_fence":14,"minecraft:dark_oak_planks":4,"luminousworld:savannah_ground":1,"undead_revamp2:arapholia":1},"minecraft:used":{"minecraft:beetroot":11,"quark:birch_chest":8,"minecraft:acacia_log":5,"minecraft:ladder":8,"minecraft:bell":1,"luminousworld:savannah_ground":1,"minecraft:stick":1,"minecraft:torch":5,"minecraft:dirt":7,"minecraft:cocoa_beans":12,"minecraft:jungle_planks":128,"minecraft:acacia_button":4,"ecologics:prickly_pear":2,"minecraft:acacia_sapling":4,"minecraft:dark_oak_planks":52,"minecraft:wooden_axe":115,"minecraft:iron_axe":223,"minecraft:acacia_slab":2,"minecraft:light_blue_bed":1,"supplementaries:speaker_block":3,"minecraft:melon_seeds":21,"minecraft:mangrove_roots":5,"minecraft:oak_sapling":7,"minecraft:furnace":2,"minecraft:gray_bed":3,"minecraft:beetroot_seeds":134,"tombstone:gift":4,"undead_revamp2:arapholia":1,"minecraft:light_gray_bed":6,"minecraft:pumpkin":7,"minecraft:acacia_planks":18,"minecraft:wheat_seeds":55,"minecraft:yellow_banner":1,"minecraft:oak_planks":52,"minecraft:cartography_table":4,"minecraft:sandstone":19,"minecraft:composter":4,"minecraft:sugar_cane":83,"minecraft:green_bed":1,"minecraft:fletching_table":8,"minecraft:sand":13,"minecraft:oak_slab":9,"minecraft:crafting_table":3,"minecraft:blast_furnace":17,"minecraft:white_bed":4,"minecraft:pumpkin_seeds":16,"minecraft:birch_fence":6,"minecraft:flower_pot":1,"minecraft:iron_pickaxe":66,"minecraft:bread":59,"minecraft:cyan_bed":5,"minecraft:lectern":475,"minecraft:stone_axe":523,"minecraft:pink_bed":1,"minecraft:cobblestone":1,"minecraft:potion":2,"minecraft:purple_bed":3,"minecraft:grindstone":6,"minecraft:smithing_table":3,"minecraft:sandstone_slab":1,"minecraft:experience_bottle":2},"minecraft:custom":{"minecraft:interact_with_smithing_table":1,"minecraft:mob_kills":14,"minecraft:interact_with_crafting_table":20,"minecraft:bell_ring":33,"minecraft:damage_dealt_resisted":225,"minecraft:leave_game":11,"minecraft:time_since_death":15773,"minecraft:climb_one_cm":38205,"minecraft:sprint_one_cm":588423,"minecraft:walk_one_cm":808483,"minecraft:drop":71,"minecraft:talked_to_villager":819,"minecraft:play_time":305181,"minecraft:sneak_time":8153,"minecraft:deaths":6,"minecraft:walk_under_water_one_cm":3963,"minecraft:interact_with_brewingstand":1,"minecraft:jump":3886,"minecraft:interact_with_blast_furnace":1,"minecraft:walk_on_water_one_cm":20669,"minecraft:total_world_time":305181,"minecraft:interact_with_furnace":8,"minecraft:traded_with_villager":64,"minecraft:pot_flower":1,"minecraft:sleep_in_bed":24,"minecraft:time_since_rest":2373,"minecraft:damage_taken":3690,"tombstone:sneak_grave":1,"minecraft:damage_dealt":5604,"minecraft:swim_one_cm":72129,"minecraft:fly_one_cm":757972,"minecraft:open_chest":74,"minecraft:crouch_one_cm":28072,"tombstone:undead_killed":1,"tombstone:villager_killed":5,"minecraft:fall_one_cm":99710},"minecraft:picked_up":{"minecraft:wooden_axe":1,"minecraft:cocoa_beans":15,"minecraft:crafting_table":1,"minecraft:wheat":335,"minecraft:allium":3,"minecraft:sandstone_slab":16,"minecraft:flower_pot":1,"minecraft:clay_ball":9,"minecraft:sentry_armor_trim_smithing_template":8,"minecraft:smithing_table":2,"minecraft:lead":2,"minecraft:potion":2,"minecraft:enchanted_book":6,"minecraft:acacia_button":3,"minecraft:brewing_stand":4,"minecraft:birch_fence":38,"minecraft:beetroot":37,"luminousworld:palm_log":10,"minecraft:cartography_table":3,"minecraft:eye_armor_trim_smithing_template":2,"minecraft:cyan_wool":6,"minecraft:poppy":3,"minecraft:lectern":474,"minecraft:melon_slice":34,"minecraft:sugar_cane":381,"minecraft:mangrove_log":32,"minecraft:furnace":5,"minecraft:stick":11,"minecraft:sandstone":2,"iceandfire:dragonbone":52,"supplementaries:speaker_block":2,"minecraft:composter":13,"minecraft:acacia_log":88,"minecraft:torch":12,"minecraft:green_bed":1,"quark:birch_chest":8,"minecraft:carrot":150,"minecraft:light_blue_bed":1,"minecraft:cauldron":3,"minecraft:dark_oak_planks":4,"minecraft:yellow_banner":7,"quark:ancient_tome":4,"minecraft:arrow":39,"minecraft:cactus":10,"minecraft:light_gray_bed":6,"minecraft:rotten_flesh":7,"minecraft:beetroot_seeds":134,"minecraft:hay_block":27,"minecraft:mangrove_roots":5,"undead_revamp2:arapholia":1,"minecraft:white_wool":22,"minecraft:cobblestone":6,"minecraft:stripped_oak_log":36,"luminousworld:savannah_ground":1,"minecraft:jungle_log":2,"minecraft:leather":6,"alexsmobs:acacia_blossom":5,"minecraft:jungle_wood":38,"minecraft:potato":183,"minecraft:oak_log":21,"minecraft:paper":8,"minecraft:dirt":7,"minecraft:bone":4,"minecraft:acacia_planks":3,"minecraft:wheat_seeds":120,"minecraft:bell":1,"minecraft:grindstone":8,"minecraft:iron_ingot":26,"minecraft:fletching_table":8,"minecraft:glass_bottle":1,"minecraft:glowstone_dust":4,"minecraft:gray_bed":3,"minecraft:acacia_sapling":6,"minecraft:oak_planks":25,"minecraft:green_dye":3,"minecraft:book":28,"minecraft:oak_slab":7,"minecraft:pink_bed":1,"minecraft:pumpkin":7,"ecologics:prickly_pear":2,"minecraft:red_wool":6,"iceandfire:dragon_skull_fire":4,"minecraft:sand":100,"minecraft:jungle_planks":11,"minecraft:blast_furnace":16,"minecraft:white_bed":2,"minecraft:cyan_bed":4,"alexsmobs:animal_dictionary":2,"minecraft:pumpkin_seeds":16,"minecraft:purple_bed":3,"minecraft:crossbow":2,"minecraft:bone_meal":18,"minecraft:bread":10,"minecraft:oak_sapling":7,"minecraft:melon_seeds":21,"minecraft:coal":50},"minecraft:broken":{"minecraft:iron_axe":1,"minecraft:stone_axe":4,"minecraft:wooden_axe":2}},"DataVersion":3465}