{"stats":{"minecraft:killed":{"minecraft:iron_golem":1},"minecraft:mined":{"undead_revamp2:arapholia":1,"minecraft:oak_slab":4,"minecraft:white_bed":2,"minecraft:pink_bed":1,"minecraft:jungle_leaves":5,"minecraft:brewing_stand":1,"minecraft:crafting_table":1,"minecraft:jungle_planks":11,"minecraft:jungle_log":2,"minecraft:dead_bush":3,"minecraft:light_gray_bed":6,"minecraft:lectern":4,"minecraft:cyan_bed":3,"minecraft:grindstone":1,"minecraft:composter":4,"minecraft:oak_planks":21,"minecraft:cartography_table":3,"minecraft:sandstone":1,"minecraft:cyan_wool":3,"ecologics:prickly_pear":1,"minecraft:hay_block":2,"minecraft:purple_bed":2,"minecraft:jungle_wood":32,"minecraft:light_blue_bed":1,"minecraft:carrots":4,"minecraft:gray_bed":3,"minecraft:fletching_table":8,"minecraft:bell":1,"quark:birch_chest":2,"minecraft:water_cauldron":2,"minecraft:sand":1,"minecraft:stripped_oak_log":18,"minecraft:white_wool":7,"minecraft:birch_fence":9,"minecraft:green_bed":1,"minecraft:dark_oak_planks":4},"minecraft:crafted":{"minecraft:oak_planks":72,"minecraft:oak_slab":6,"minecraft:crafting_table":2,"minecraft:smithing_table":1,"minecraft:cartography_table":1,"minecraft:jungle_planks":136,"minecraft:iron_axe":1,"minecraft:ladder":8,"minecraft:stick":88,"minecraft:iron_pickaxe":1,"minecraft:wooden_axe":2,"minecraft:white_bed":1,"minecraft:dark_oak_planks":52},"minecraft:picked_up":{"minecraft:stripped_oak_log":18,"minecraft:cocoa_beans":12,"minecraft:crafting_table":1,"minecraft:wheat":29,"minecraft:jungle_log":2,"minecraft:jungle_wood":32,"minecraft:potato":10,"minecraft:potion":2,"minecraft:brewing_stand":1,"minecraft:bone":1,"minecraft:birch_fence":9,"minecraft:beetroot":1,"minecraft:cartography_table":3,"minecraft:bell":1,"minecraft:iron_ingot":5,"minecraft:grindstone":1,"minecraft:cyan_wool":3,"minecraft:glass_bottle":1,"minecraft:fletching_table":8,"minecraft:lectern":4,"minecraft:gray_bed":3,"minecraft:book":1,"minecraft:oak_planks":21,"minecraft:green_dye":1,"minecraft:oak_slab":4,"minecraft:pink_bed":1,"minecraft:stick":2,"minecraft:composter":4,"ecologics:prickly_pear":2,"minecraft:torch":4,"minecraft:green_bed":1,"minecraft:sand":1,"minecraft:jungle_planks":11,"quark:birch_chest":2,"minecraft:white_bed":2,"minecraft:carrot":17,"minecraft:cyan_bed":3,"minecraft:light_blue_bed":1,"minecraft:cauldron":1,"minecraft:dark_oak_planks":4,"minecraft:yellow_banner":1,"minecraft:purple_bed":2,"minecraft:arrow":13,"minecraft:cactus":3,"minecraft:light_gray_bed":6,"minecraft:rotten_flesh":2,"minecraft:hay_block":2,"minecraft:bread":10,"undead_revamp2:arapholia":1,"minecraft:white_wool":7},"minecraft:broken":{"minecraft:wooden_axe":1},"minecraft:used":{"quark:birch_chest":2,"minecraft:ladder":8,"minecraft:oak_planks":40,"minecraft:cartography_table":4,"minecraft:bell":1,"minecraft:green_bed":1,"minecraft:fletching_table":8,"minecraft:torch":2,"minecraft:sand":1,"minecraft:oak_slab":7,"minecraft:crafting_table":3,"minecraft:jungle_planks":128,"minecraft:white_bed":3,"ecologics:prickly_pear":2,"minecraft:birch_fence":1,"minecraft:dark_oak_planks":52,"minecraft:wooden_axe":61,"minecraft:iron_axe":12,"minecraft:bread":18,"minecraft:cyan_bed":3,"minecraft:iron_pickaxe":10,"minecraft:lectern":4,"minecraft:light_blue_bed":1,"minecraft:pink_bed":1,"minecraft:potion":2,"minecraft:purple_bed":2,"minecraft:smithing_table":1,"minecraft:gray_bed":3,"undead_revamp2:arapholia":1,"minecraft:light_gray_bed":6,"minecraft:experience_bottle":2},"minecraft:custom":{"minecraft:mob_kills":1,"minecraft:interact_with_crafting_table":13,"minecraft:bell_ring":33,"minecraft:leave_game":4,"minecraft:time_since_death":12937,"minecraft:sleep_in_bed":7,"minecraft:climb_one_cm":13747,"minecraft:time_since_rest":2947,"minecraft:sprint_one_cm":248845,"minecraft:damage_taken":1486,"minecraft:walk_one_cm":318256,"minecraft:drop":31,"minecraft:damage_dealt":600,"minecraft:swim_one_cm":34682,"minecraft:talked_to_villager":28,"minecraft:fly_one_cm":297005,"minecraft:open_chest":39,"minecraft:crouch_one_cm":6437,"minecraft:play_time":97740,"minecraft:sneak_time":2930,"minecraft:deaths":3,"minecraft:walk_under_water_one_cm":1664,"minecraft:interact_with_brewingstand":1,"minecraft:jump":1373,"minecraft:walk_on_water_one_cm":6683,"minecraft:total_world_time":97740,"minecraft:fall_one_cm":38186},"minecraft:dropped":{"minecraft:bread":38,"minecraft:goat_horn":2,"minecraft:glass_bottle":3,"minecraft:wheat":1,"minecraft:crossbow":1,"minecraft:beetroot":1,"minecraft:carrot":4,"supplementaries:flax_seeds":6,"minecraft:potato":17,"minecraft:green_dye":1,"minecraft:arrow":11,"minecraft:cactus":6,"minecraft:bone":1},"minecraft:killed_by":{"minecraft:iron_golem":2,"takesapillage:clay_golem":1}},"DataVersion":3465}