{"stats":{"minecraft:mined":{"undead_revamp2:arapholia":1,"minecraft:jungle_leaves":5,"minecraft:brewing_stand":1,"minecraft:jungle_planks":11,"minecraft:jungle_log":2,"minecraft:dead_bush":2,"minecraft:light_gray_bed":6,"minecraft:lectern":1,"minecraft:composter":1,"minecraft:grindstone":1,"minecraft:cyan_bed":3,"minecraft:sandstone":1,"ecologics:prickly_pear":1,"minecraft:jungle_wood":32,"minecraft:light_blue_bed":1,"minecraft:carrots":4,"minecraft:gray_bed":3,"minecraft:fletching_table":1,"minecraft:bell":1,"minecraft:water_cauldron":2,"minecraft:sand":1,"minecraft:stripped_oak_log":14,"minecraft:green_bed":1,"minecraft:birch_fence":1},"minecraft:crafted":{"minecraft:oak_planks":56,"minecraft:crafting_table":2,"minecraft:cartography_table":1,"minecraft:jungle_planks":136,"minecraft:ladder":8,"minecraft:stick":88,"minecraft:iron_pickaxe":1,"minecraft:wooden_axe":1,"minecraft:dark_oak_planks":52},"minecraft:picked_up":{"minecraft:stripped_oak_log":14,"minecraft:cocoa_beans":12,"minecraft:jungle_log":2,"minecraft:jungle_wood":32,"minecraft:potion":2,"minecraft:brewing_stand":1,"minecraft:bone":1,"minecraft:birch_fence":1,"minecraft:beetroot":1,"minecraft:bell":1,"minecraft:grindstone":1,"minecraft:fletching_table":1,"minecraft:glass_bottle":1,"minecraft:lectern":1,"minecraft:gray_bed":3,"minecraft:stick":1,"minecraft:composter":1,"ecologics:prickly_pear":2,"minecraft:torch":3,"minecraft:green_bed":1,"minecraft:jungle_planks":11,"minecraft:sand":1,"minecraft:carrot":17,"minecraft:cyan_bed":3,"minecraft:light_blue_bed":1,"minecraft:cauldron":1,"minecraft:cactus":1,"minecraft:arrow":13,"minecraft:light_gray_bed":6,"undead_revamp2:arapholia":1},"minecraft:broken":{"minecraft:wooden_axe":1},"minecraft:used":{"minecraft:ladder":5,"minecraft:fletching_table":1,"minecraft:green_bed":1,"minecraft:bell":1,"minecraft:torch":2,"minecraft:sand":1,"minecraft:crafting_table":2,"minecraft:jungle_planks":128,"ecologics:prickly_pear":2,"minecraft:birch_fence":1,"minecraft:dark_oak_planks":48,"minecraft:wooden_axe":59,"minecraft:bread":12,"minecraft:cyan_bed":3,"minecraft:iron_pickaxe":7,"minecraft:lectern":1,"minecraft:light_blue_bed":1,"minecraft:potion":2,"minecraft:gray_bed":3,"undead_revamp2:arapholia":1,"minecraft:light_gray_bed":6,"minecraft:experience_bottle":2},"minecraft:custom":{"minecraft:interact_with_crafting_table":8,"minecraft:bell_ring":32,"minecraft:leave_game":1,"minecraft:climb_one_cm":6707,"minecraft:time_since_death":52765,"minecraft:sleep_in_bed":2,"minecraft:time_since_rest":13632,"minecraft:sprint_one_cm":158257,"minecraft:damage_taken":430,"minecraft:walk_one_cm":148375,"minecraft:drop":14,"minecraft:damage_dealt":14,"minecraft:swim_one_cm":16846,"minecraft:talked_to_villager":11,"minecraft:fly_one_cm":203410,"minecraft:open_chest":32,"minecraft:crouch_one_cm":4296,"minecraft:play_time":52765,"minecraft:sneak_time":1197,"minecraft:walk_under_water_one_cm":1070,"minecraft:jump":871,"minecraft:interact_with_brewingstand":1,"minecraft:walk_on_water_one_cm":4322,"minecraft:total_world_time":52765,"minecraft:fall_one_cm":24539},"minecraft:dropped":{"minecraft:goat_horn":2,"minecraft:glass_bottle":3,"minecraft:crossbow":1,"minecraft:beetroot":1,"minecraft:carrot":4,"supplementaries:flax_seeds":6,"minecraft:potato":13,"minecraft:green_dye":1,"minecraft:arrow":11,"minecraft:cactus":6,"minecraft:bone":1}},"DataVersion":3465}