{"stats":{"minecraft:killed":{"minecraft:iron_golem":2},"minecraft:mined":{"undead_revamp2:arapholia":1,"minecraft:dark_oak_planks":4,"minecraft:white_bed":2,"minecraft:pink_bed":1,"minecraft:jungle_leaves":5,"minecraft:mangrove_roots":2,"minecraft:brewing_stand":1,"minecraft:acacia_log":14,"minecraft:jungle_planks":11,"minecraft:jungle_log":2,"minecraft:light_gray_bed":6,"minecraft:cartography_table":3,"minecraft:composter":7,"minecraft:sandstone":1,"ecologics:prickly_pear":1,"minecraft:hay_block":2,"minecraft:furnace":2,"minecraft:carrots":19,"minecraft:pumpkin":7,"minecraft:fletching_table":8,"minecraft:bell":1,"minecraft:potatoes":37,"minecraft:vine":1,"minecraft:water_cauldron":2,"minecraft:stripped_oak_log":27,"minecraft:stone":3,"minecraft:white_wool":7,"minecraft:green_bed":1,"minecraft:smithing_table":1,"minecraft:sandstone_slab":4,"minecraft:oak_slab":4,"minecraft:acacia_leaves":3,"minecraft:melon_stem":11,"minecraft:crafting_table":1,"minecraft:torch":1,"minecraft:melon":6,"minecraft:dead_bush":3,"minecraft:lectern":25,"minecraft:sugar_cane":21,"minecraft:cyan_bed":3,"minecraft:grindstone":1,"minecraft:oak_planks":24,"minecraft:wall_torch":1,"minecraft:cyan_wool":3,"minecraft:purple_bed":2,"minecraft:jungle_wood":32,"minecraft:light_blue_bed":1,"minecraft:wheat":23,"minecraft:gray_bed":3,"minecraft:mangrove_leaves":21,"quark:birch_chest":2,"minecraft:coal_ore":12,"minecraft:oak_log":6,"minecraft:beetroots":56,"minecraft:sand":19,"minecraft:mangrove_log":17,"minecraft:birch_fence":9,"minecraft:attached_pumpkin_stem":7},"minecraft:crafted":{"minecraft:oak_planks":132,"minecraft:iron_axe":1,"minecraft:ladder":8,"minecraft:dark_oak_planks":52,"minecraft:oak_slab":6,"minecraft:emerald":13,"minecraft:crafting_table":2,"minecraft:smithing_table":1,"minecraft:mangrove_planks":64,"minecraft:stone_axe":4,"minecraft:bread":6,"minecraft:air":0,"minecraft:cartography_table":1,"minecraft:jungle_planks":136,"minecraft:stick":420,"minecraft:iron_pickaxe":1,"minecraft:wooden_axe":2,"minecraft:sandstone":3,"minecraft:white_bed":1,"minecraft:acacia_planks":48},"minecraft:picked_up":{"minecraft:cocoa_beans":12,"minecraft:crafting_table":1,"minecraft:wheat":48,"minecraft:sandstone_slab":8,"minecraft:smithing_table":1,"minecraft:potion":2,"minecraft:brewing_stand":1,"minecraft:birch_fence":9,"minecraft:beetroot":27,"minecraft:cartography_table":3,"minecraft:cyan_wool":3,"minecraft:poppy":2,"minecraft:lectern":25,"minecraft:melon_slice":34,"minecraft:sugar_cane":49,"minecraft:mangrove_log":16,"minecraft:furnace":2,"iceandfire:dragonbone":13,"minecraft:stick":4,"minecraft:composter":7,"minecraft:green_bed":1,"minecraft:torch":9,"minecraft:acacia_log":14,"quark:birch_chest":2,"minecraft:carrot":63,"minecraft:light_blue_bed":1,"minecraft:cauldron":1,"minecraft:dark_oak_planks":4,"minecraft:yellow_banner":1,"minecraft:cactus":3,"minecraft:arrow":13,"minecraft:light_gray_bed":6,"minecraft:rotten_flesh":2,"minecraft:beetroot_seeds":108,"minecraft:hay_block":2,"minecraft:mangrove_roots":2,"undead_revamp2:arapholia":1,"minecraft:white_wool":7,"minecraft:cobblestone":2,"minecraft:stripped_oak_log":27,"minecraft:jungle_log":2,"alexsmobs:acacia_blossom":1,"minecraft:jungle_wood":32,"minecraft:potato":106,"minecraft:oak_log":6,"minecraft:bone":1,"minecraft:wheat_seeds":55,"minecraft:bell":1,"minecraft:iron_ingot":9,"minecraft:grindstone":1,"minecraft:glass_bottle":1,"minecraft:fletching_table":8,"minecraft:gray_bed":3,"minecraft:oak_planks":24,"minecraft:acacia_sapling":3,"minecraft:book":1,"minecraft:green_dye":1,"minecraft:pink_bed":1,"minecraft:oak_slab":4,"minecraft:pumpkin":7,"ecologics:prickly_pear":2,"iceandfire:dragon_skull_fire":1,"minecraft:jungle_planks":11,"minecraft:sand":21,"minecraft:white_bed":2,"minecraft:cyan_bed":3,"minecraft:pumpkin_seeds":16,"minecraft:purple_bed":2,"minecraft:bone_meal":5,"minecraft:bread":10,"minecraft:melon_seeds":21,"minecraft:coal":12},"minecraft:broken":{"minecraft:wooden_axe":1},"minecraft:used":{"minecraft:beetroot":11,"quark:birch_chest":2,"minecraft:acacia_log":2,"minecraft:ladder":8,"minecraft:bell":1,"minecraft:torch":5,"minecraft:jungle_planks":128,"minecraft:acacia_sapling":3,"ecologics:prickly_pear":2,"minecraft:wooden_axe":61,"minecraft:dark_oak_planks":52,"minecraft:iron_axe":67,"minecraft:light_blue_bed":1,"minecraft:melon_seeds":3,"minecraft:mangrove_roots":2,"minecraft:gray_bed":3,"minecraft:beetroot_seeds":106,"undead_revamp2:arapholia":1,"minecraft:pumpkin":7,"minecraft:light_gray_bed":6,"minecraft:wheat_seeds":38,"minecraft:oak_planks":51,"minecraft:cartography_table":4,"minecraft:sandstone":3,"minecraft:composter":4,"minecraft:sugar_cane":47,"minecraft:fletching_table":8,"minecraft:green_bed":1,"minecraft:sand":1,"minecraft:oak_slab":9,"minecraft:crafting_table":3,"minecraft:white_bed":3,"minecraft:pumpkin_seeds":16,"minecraft:birch_fence":1,"minecraft:cyan_bed":3,"minecraft:bread":34,"minecraft:iron_pickaxe":35,"minecraft:lectern":25,"minecraft:stone_axe":80,"minecraft:pink_bed":1,"minecraft:potion":2,"minecraft:purple_bed":2,"minecraft:smithing_table":2,"minecraft:experience_bottle":2},"minecraft:custom":{"minecraft:mob_kills":2,"minecraft:interact_with_crafting_table":13,"minecraft:bell_ring":33,"minecraft:leave_game":5,"minecraft:time_since_death":17829,"minecraft:climb_one_cm":21489,"minecraft:sprint_one_cm":358568,"minecraft:walk_one_cm":417100,"minecraft:drop":36,"minecraft:talked_to_villager":91,"minecraft:play_time":138541,"minecraft:deaths":4,"minecraft:sneak_time":3864,"minecraft:walk_under_water_one_cm":3685,"minecraft:jump":2263,"minecraft:interact_with_brewingstand":1,"minecraft:walk_on_water_one_cm":13955,"minecraft:total_world_time":138541,"minecraft:traded_with_villager":18,"minecraft:sleep_in_bed":10,"minecraft:time_since_rest":4554,"minecraft:damage_taken":2337,"minecraft:damage_dealt":1599,"minecraft:swim_one_cm":61548,"minecraft:fly_one_cm":458937,"minecraft:open_chest":44,"minecraft:crouch_one_cm":8328,"minecraft:fall_one_cm":60771},"minecraft:dropped":{"minecraft:bread":38,"minecraft:glass_bottle":3,"minecraft:crossbow":1,"minecraft:cobblestone":2,"minecraft:green_dye":1,"minecraft:cactus":6,"minecraft:bone":1,"minecraft:goat_horn":2,"minecraft:wheat":14,"minecraft:beetroot":1,"minecraft:carrot":19,"minecraft:poppy":2,"supplementaries:flax_seeds":6,"minecraft:potato":71,"minecraft:arrow":11},"minecraft:killed_by":{"minecraft:iron_golem":2,"iceandfire:fire_dragon":1,"takesapillage:clay_golem":1}},"DataVersion":3465}