{"stats":{"minecraft:killed":{"takesapillage:clay_golem":1,"minecraft:iron_golem":3,"minecraft:wandering_trader":1,"minecraft:villager":3},"minecraft:mined":{"minecraft:attached_pumpkin_stem":7,"minecraft:white_bed":2,"minecraft:pink_bed":1,"minecraft:jungle_leaves":5,"minecraft:mangrove_roots":2,"minecraft:brewing_stand":1,"minecraft:acacia_log":75,"minecraft:jungle_planks":11,"minecraft:acacia_button":1,"minecraft:jungle_log":2,"minecraft:light_gray_bed":6,"minecraft:composter":7,"minecraft:cartography_table":3,"supplementaries:speaker_block":2,"minecraft:sandstone":3,"ecologics:prickly_pear":1,"minecraft:hay_block":5,"minecraft:glowstone":1,"minecraft:furnace":3,"minecraft:carrots":19,"minecraft:pumpkin":7,"minecraft:fletching_table":8,"minecraft:bell":1,"minecraft:potatoes":37,"supplementaries:stick":1,"minecraft:vine":1,"minecraft:water_cauldron":2,"minecraft:stripped_oak_log":36,"minecraft:stone":7,"minecraft:white_wool":22,"minecraft:green_bed":1,"minecraft:smithing_table":2,"minecraft:sandstone_slab":4,"minecraft:oak_slab":4,"minecraft:acacia_leaves":20,"minecraft:red_wool":6,"minecraft:melon_stem":11,"minecraft:crafting_table":1,"minecraft:torch":1,"luminousworld:savannah_grass_1":3,"minecraft:blast_furnace":16,"minecraft:melon":6,"minecraft:dead_bush":3,"minecraft:lectern":385,"minecraft:oak_planks":25,"minecraft:cyan_bed":4,"minecraft:sugar_cane":225,"minecraft:grindstone":6,"minecraft:wall_torch":2,"minecraft:cyan_wool":6,"minecraft:purple_bed":3,"minecraft:jungle_wood":38,"minecraft:light_blue_bed":1,"minecraft:wheat":23,"minecraft:gray_bed":3,"minecraft:mangrove_leaves":26,"minecraft:potted_poppy":1,"quark:birch_chest":8,"minecraft:oak_log":6,"minecraft:coal_ore":13,"minecraft:beetroots":56,"minecraft:sand":77,"minecraft:mangrove_log":25,"luminousworld:palm_log":10,"minecraft:acacia_planks":3,"minecraft:birch_fence":14,"minecraft:dark_oak_planks":4,"undead_revamp2:arapholia":1},"minecraft:crafted":{"minecraft:smooth_stone":3,"minecraft:oak_planks":136,"minecraft:blast_furnace":1,"minecraft:stone":3,"minecraft:bookshelf":2,"aether:red_cape":1,"minecraft:iron_axe":1,"minecraft:ladder":8,"minecraft:dark_oak_planks":52,"luminousworld:palmplank":40,"minecraft:wheat":27,"minecraft:oak_slab":6,"minecraft:emerald":41,"minecraft:crafting_table":2,"minecraft:acacia_slab":6,"minecraft:cyan_bed":1,"minecraft:smithing_table":1,"minecraft:mangrove_planks":64,"minecraft:acacia_button":1,"minecraft:stone_axe":4,"minecraft:bread":15,"minecraft:air":0,"minecraft:cartography_table":1,"minecraft:jungle_planks":136,"supplementaries:speaker_block":1,"minecraft:lectern":1,"minecraft:paper":150,"minecraft:stick":1104,"minecraft:iron_pickaxe":1,"minecraft:wooden_axe":2,"minecraft:sandstone":17,"minecraft:white_bed":2,"minecraft:acacia_planks":292},"minecraft:picked_up":{"minecraft:wooden_axe":1,"minecraft:cocoa_beans":15,"minecraft:crafting_table":1,"minecraft:wheat":310,"minecraft:allium":3,"minecraft:sandstone_slab":16,"minecraft:flower_pot":1,"minecraft:clay_ball":9,"minecraft:sentry_armor_trim_smithing_template":8,"minecraft:smithing_table":2,"minecraft:lead":2,"minecraft:potion":2,"minecraft:enchanted_book":6,"minecraft:acacia_button":3,"minecraft:brewing_stand":4,"minecraft:birch_fence":38,"luminousworld:palm_log":10,"minecraft:beetroot":27,"minecraft:cartography_table":3,"minecraft:eye_armor_trim_smithing_template":2,"minecraft:cyan_wool":6,"minecraft:poppy":3,"minecraft:lectern":385,"minecraft:melon_slice":34,"minecraft:sugar_cane":298,"minecraft:mangrove_log":24,"minecraft:furnace":5,"minecraft:stick":7,"minecraft:sandstone":2,"iceandfire:dragonbone":52,"supplementaries:speaker_block":2,"minecraft:composter":13,"minecraft:acacia_log":75,"minecraft:torch":12,"minecraft:green_bed":1,"quark:birch_chest":8,"minecraft:carrot":97,"minecraft:light_blue_bed":1,"minecraft:cauldron":3,"minecraft:dark_oak_planks":4,"minecraft:yellow_banner":7,"quark:ancient_tome":4,"minecraft:arrow":39,"minecraft:cactus":10,"minecraft:light_gray_bed":6,"minecraft:rotten_flesh":6,"minecraft:beetroot_seeds":108,"minecraft:hay_block":9,"minecraft:mangrove_roots":2,"undead_revamp2:arapholia":1,"minecraft:white_wool":22,"minecraft:cobblestone":6,"minecraft:stripped_oak_log":36,"minecraft:jungle_log":2,"minecraft:leather":6,"alexsmobs:acacia_blossom":5,"minecraft:jungle_wood":38,"minecraft:potato":124,"minecraft:oak_log":6,"minecraft:paper":8,"minecraft:bone":3,"minecraft:acacia_planks":3,"minecraft:wheat_seeds":55,"minecraft:bell":1,"minecraft:grindstone":8,"minecraft:iron_ingot":22,"minecraft:fletching_table":8,"minecraft:glass_bottle":1,"minecraft:glowstone_dust":4,"minecraft:gray_bed":3,"minecraft:acacia_sapling":5,"minecraft:oak_planks":25,"minecraft:green_dye":3,"minecraft:book":28,"minecraft:oak_slab":7,"minecraft:pink_bed":1,"minecraft:pumpkin":7,"ecologics:prickly_pear":2,"minecraft:red_wool":6,"iceandfire:dragon_skull_fire":4,"minecraft:sand":98,"minecraft:jungle_planks":11,"minecraft:blast_furnace":16,"minecraft:white_bed":2,"minecraft:cyan_bed":4,"alexsmobs:animal_dictionary":2,"minecraft:pumpkin_seeds":16,"minecraft:purple_bed":3,"minecraft:crossbow":2,"minecraft:bone_meal":18,"minecraft:bread":10,"minecraft:melon_seeds":21,"minecraft:coal":49},"minecraft:broken":{"minecraft:stone_axe":3,"minecraft:wooden_axe":1},"minecraft:used":{"minecraft:beetroot":11,"quark:birch_chest":8,"minecraft:acacia_log":2,"minecraft:ladder":8,"minecraft:bell":1,"minecraft:stick":1,"minecraft:torch":5,"minecraft:cocoa_beans":12,"minecraft:jungle_planks":128,"minecraft:acacia_button":4,"ecologics:prickly_pear":2,"minecraft:acacia_sapling":3,"minecraft:dark_oak_planks":52,"minecraft:wooden_axe":63,"minecraft:iron_axe":131,"minecraft:acacia_slab":2,"minecraft:light_blue_bed":1,"supplementaries:speaker_block":3,"minecraft:melon_seeds":21,"minecraft:mangrove_roots":2,"minecraft:furnace":2,"minecraft:gray_bed":3,"minecraft:beetroot_seeds":108,"undead_revamp2:arapholia":1,"minecraft:light_gray_bed":6,"minecraft:acacia_planks":18,"minecraft:pumpkin":7,"minecraft:wheat_seeds":55,"minecraft:yellow_banner":1,"minecraft:oak_planks":52,"minecraft:cartography_table":4,"minecraft:sandstone":19,"minecraft:composter":4,"minecraft:sugar_cane":83,"minecraft:fletching_table":8,"minecraft:green_bed":1,"minecraft:sand":11,"minecraft:oak_slab":9,"minecraft:crafting_table":3,"minecraft:blast_furnace":17,"minecraft:white_bed":4,"minecraft:pumpkin_seeds":16,"minecraft:birch_fence":6,"minecraft:flower_pot":1,"minecraft:iron_pickaxe":65,"minecraft:bread":48,"minecraft:cyan_bed":5,"minecraft:lectern":386,"minecraft:stone_axe":508,"minecraft:pink_bed":1,"minecraft:cobblestone":1,"minecraft:potion":2,"minecraft:purple_bed":3,"minecraft:grindstone":6,"minecraft:smithing_table":3,"minecraft:sandstone_slab":1,"minecraft:experience_bottle":2},"minecraft:custom":{"minecraft:interact_with_smithing_table":1,"minecraft:mob_kills":9,"minecraft:interact_with_crafting_table":18,"minecraft:bell_ring":33,"minecraft:leave_game":7,"minecraft:time_since_death":135511,"minecraft:climb_one_cm":34128,"minecraft:sprint_one_cm":509575,"minecraft:walk_one_cm":679830,"minecraft:drop":58,"minecraft:talked_to_villager":605,"minecraft:play_time":256223,"minecraft:sneak_time":7582,"minecraft:deaths":4,"minecraft:walk_under_water_one_cm":3685,"minecraft:interact_with_brewingstand":1,"minecraft:jump":3352,"minecraft:interact_with_blast_furnace":1,"minecraft:walk_on_water_one_cm":14359,"minecraft:total_world_time":256223,"minecraft:interact_with_furnace":8,"minecraft:traded_with_villager":48,"minecraft:pot_flower":1,"minecraft:sleep_in_bed":19,"minecraft:time_since_rest":6880,"minecraft:damage_taken":2757,"minecraft:damage_dealt":3474,"minecraft:swim_one_cm":61548,"minecraft:fly_one_cm":650899,"minecraft:open_chest":67,"minecraft:crouch_one_cm":25022,"tombstone:villager_killed":4,"minecraft:fall_one_cm":87634},"minecraft:dropped":{"minecraft:bread":38,"minecraft:oak_slab":1,"minecraft:glass_bottle":3,"minecraft:crossbow":1,"minecraft:cobblestone":2,"minecraft:book":9,"minecraft:coal":13,"minecraft:birch_fence":8,"minecraft:brewing_stand":1,"minecraft:green_dye":1,"minecraft:melon_slice":34,"minecraft:cactus":6,"iceandfire:dragon_skull_fire":1,"iceandfire:dragonbone":13,"minecraft:bone":3,"minecraft:goat_horn":2,"minecraft:wheat":20,"minecraft:beetroot":1,"minecraft:grindstone":1,"minecraft:clay_ball":9,"minecraft:carrot":67,"minecraft:poppy":2,"supplementaries:flax_seeds":6,"minecraft:potato":119,"minecraft:allium":3,"minecraft:yellow_banner":1,"minecraft:arrow":11},"minecraft:killed_by":{"minecraft:iron_golem":2,"iceandfire:fire_dragon":1,"takesapillage:clay_golem":1}},"DataVersion":3465}