{"stats":{"minecraft:mined":{"undead_revamp2:arapholia":1,"minecraft:jungle_leaves":5,"minecraft:brewing_stand":1,"minecraft:crafting_table":1,"minecraft:jungle_planks":11,"minecraft:jungle_log":2,"minecraft:dead_bush":2,"minecraft:light_gray_bed":6,"minecraft:lectern":3,"minecraft:cyan_bed":3,"minecraft:grindstone":1,"minecraft:composter":1,"minecraft:sandstone":1,"ecologics:prickly_pear":1,"minecraft:jungle_wood":32,"minecraft:light_blue_bed":1,"minecraft:carrots":4,"minecraft:gray_bed":3,"minecraft:fletching_table":2,"minecraft:bell":1,"minecraft:water_cauldron":2,"minecraft:sand":1,"minecraft:stripped_oak_log":14,"minecraft:white_wool":4,"minecraft:birch_fence":1,"minecraft:green_bed":1,"minecraft:dark_oak_planks":4},"minecraft:crafted":{"minecraft:oak_planks":56,"minecraft:oak_slab":6,"minecraft:crafting_table":2,"minecraft:cartography_table":1,"minecraft:jungle_planks":136,"minecraft:ladder":8,"minecraft:stick":88,"minecraft:iron_pickaxe":1,"minecraft:wooden_axe":1,"minecraft:white_bed":1,"minecraft:dark_oak_planks":52},"minecraft:picked_up":{"minecraft:stripped_oak_log":14,"minecraft:cocoa_beans":12,"minecraft:crafting_table":1,"minecraft:jungle_log":2,"minecraft:jungle_wood":32,"minecraft:potion":2,"minecraft:brewing_stand":1,"minecraft:bone":1,"minecraft:birch_fence":1,"minecraft:beetroot":1,"minecraft:bell":1,"minecraft:grindstone":1,"minecraft:glass_bottle":1,"minecraft:fletching_table":2,"minecraft:lectern":3,"minecraft:gray_bed":3,"minecraft:stick":1,"ecologics:prickly_pear":2,"minecraft:composter":1,"minecraft:torch":3,"minecraft:green_bed":1,"minecraft:sand":1,"minecraft:jungle_planks":11,"minecraft:carrot":17,"minecraft:cyan_bed":3,"minecraft:light_blue_bed":1,"minecraft:cauldron":1,"minecraft:dark_oak_planks":4,"minecraft:yellow_banner":1,"minecraft:arrow":13,"minecraft:cactus":1,"minecraft:light_gray_bed":6,"undead_revamp2:arapholia":1,"minecraft:white_wool":4},"minecraft:broken":{"minecraft:wooden_axe":1},"minecraft:used":{"minecraft:ladder":8,"minecraft:oak_planks":8,"minecraft:cartography_table":1,"minecraft:bell":1,"minecraft:green_bed":1,"minecraft:fletching_table":2,"minecraft:torch":2,"minecraft:sand":1,"minecraft:oak_slab":1,"minecraft:crafting_table":3,"minecraft:jungle_planks":128,"minecraft:white_bed":1,"ecologics:prickly_pear":2,"minecraft:birch_fence":1,"minecraft:dark_oak_planks":51,"minecraft:wooden_axe":59,"minecraft:bread":12,"minecraft:cyan_bed":3,"minecraft:iron_pickaxe":10,"minecraft:lectern":3,"minecraft:light_blue_bed":1,"minecraft:potion":2,"minecraft:gray_bed":3,"undead_revamp2:arapholia":1,"minecraft:light_gray_bed":6,"minecraft:experience_bottle":2},"minecraft:custom":{"minecraft:interact_with_crafting_table":10,"minecraft:bell_ring":32,"minecraft:leave_game":2,"minecraft:time_since_death":3617,"minecraft:sleep_in_bed":3,"minecraft:climb_one_cm":9405,"minecraft:time_since_rest":3478,"minecraft:sprint_one_cm":167228,"minecraft:damage_taken":994,"minecraft:walk_one_cm":179160,"minecraft:drop":15,"minecraft:damage_dealt":380,"minecraft:swim_one_cm":16846,"minecraft:talked_to_villager":15,"minecraft:fly_one_cm":207894,"minecraft:open_chest":32,"minecraft:crouch_one_cm":5183,"minecraft:play_time":63553,"minecraft:sneak_time":2459,"minecraft:deaths":2,"minecraft:walk_under_water_one_cm":1070,"minecraft:interact_with_brewingstand":1,"minecraft:jump":913,"minecraft:walk_on_water_one_cm":4322,"minecraft:total_world_time":63553,"minecraft:fall_one_cm":27624},"minecraft:dropped":{"minecraft:bread":24,"minecraft:goat_horn":2,"minecraft:glass_bottle":3,"minecraft:crossbow":1,"minecraft:beetroot":1,"minecraft:carrot":4,"supplementaries:flax_seeds":6,"minecraft:potato":13,"minecraft:green_dye":1,"minecraft:arrow":11,"minecraft:cactus":6,"minecraft:bone":1},"minecraft:killed_by":{"minecraft:iron_golem":1,"takesapillage:clay_golem":1}},"DataVersion":3465}