{"stats":{"minecraft:picked_up":{"minecraft:crafting_table":1,"minecraft:feather":2,"minecraft:chicken":3,"minecraft:potato":4,"bewitchment:belladonna_seeds":1,"bewitchment:salt":62,"minecraft:oak_log":12,"minecraft:carrot":4,"minecraft:dirt":1,"minecraft:wheat_seeds":8,"minecraft:poppy":1,"minecraft:oak_sapling":6,"twigs:twig":2,"minecraft:mutton":5,"minecraft:white_wool":3},"minecraft:dropped":{"minecraft:wheat_seeds":3},"minecraft:mined":{"minecraft:carrots":1,"treechop:chopped_log":1,"minecraft:crafting_table":1,"minecraft:grass":34,"minecraft:potatoes":1,"minecraft:grass_block":1,"minecraft:coal_ore":2,"minecraft:poppy":1,"bewitchment:salt_ore":42,"minecraft:gravel":1,"minecraft:tall_grass":10,"minecraft:stone":5},"minecraft:killed":{"minecraft:sheep":3},"minecraft:used":{"minecraft:chicken":3,"minecraft:chest":1,"minecraft:wooden_pickaxe":50,"twigs:twig":2,"minecraft:dirt":1,"minecraft:mutton":5,"minecraft:crafting_table":2,"minecraft:oak_sapling":6,"minecraft:carrot":4,"minecraft:white_bed":1,"minecraft:potato":4},"minecraft:custom":{"minecraft:time_since_rest":10347,"lootr:looted_stat":1,"minecraft:sprint_one_cm":85947,"minecraft:walk_one_cm":134461,"minecraft:mob_kills":3,"minecraft:drop":3,"minecraft:damage_dealt":240,"minecraft:interact_with_crafting_table":5,"minecraft:fly_one_cm":54133,"dimdoors:times_been_to_dungeon":5,"minecraft:open_chest":6,"minecraft:crouch_one_cm":89,"minecraft:play_time":60182,"minecraft:sneak_time":899,"minecraft:jump":258,"minecraft:leave_game":2,"minecraft:time_since_death":60182,"minecraft:sleep_in_bed":4,"minecraft:climb_one_cm":660,"minecraft:total_world_time":60182,"minecraft:fall_one_cm":2928},"minecraft:crafted":{"minecraft:oak_planks":48,"minecraft:crafting_table":1,"minecraft:stick":4,"minecraft:wooden_pickaxe":1,"minecraft:iron_ingot":1,"minecraft:chest":1,"minecraft:white_bed":1}},"DataVersion":3465}