{"stats":{"minecraft:custom":{"minecraft:open_chest":2,"minecraft:time_since_rest":7417,"minecraft:play_one_minute":17578,"minecraft:crouch_one_cm":555,"minecraft:sprint_one_cm":30790,"minecraft:walk_one_cm":17107,"minecraft:damage_taken":58,"minecraft:deaths":6,"minecraft:sneak_time":871,"minecraft:mob_kills":2,"minecraft:drop":2,"minecraft:jump":154,"minecraft:leave_game":1,"minecraft:walk_on_water_one_cm":190,"minecraft:time_since_death":7391,"minecraft:fall_one_cm":2566,"minecraft:fly_one_cm":305072},"minecraft:mined":{"minecraft:grass":2,"minecraft:grass_block":1,"minecraft:dead_bush":1,"minecraft:tall_grass":4},"minecraft:killed":{"minecraft:creeper":2},"minecraft:dropped":{"minecraft:wheat_seeds":1,"minecraft:stick":2},"minecraft:picked_up":{"minecraft:stick":2,"minecraft:wheat_seeds":6,"minecraft:dirt":1},"minecraft:used":{"mineminenomi:yomi_yomi_no_mi":1,"minecraft:dirt":1,"minecraft:acacia_leaves":4,"mineminenomi:hie_hie_no_mi":1,"mineminenomi:goro_goro_no_mi":1,"minecraft:redstone_block":23,"mineminenomi:magu_magu_no_mi":1,"minecraft:redstone_torch":15}},"DataVersion":2586}