{"stats":{"minecraft:broken":{"minecraft:wooden_shovel":1,"minecraft:wooden_sword":1,"minecraft:wooden_axe":1},"minecraft:killed":{"promenade:duck":4,"minecraft:spider":1,"minecraft:iron_golem":1,"minecraft:sheep":3,"minecraft:turtle":6,"minecraft:cow":2},"minecraft:picked_up":{"minecraft:seagrass":8,"minecraft:cocoa_beans":2,"minecraft:crafting_table":3,"minecraft:feather":8,"minecraft:leather":3,"minecraft:lead":2,"minecraft:oak_stairs":5,"minecraft:birch_planks":12,"artifacts:chorus_totem":1,"minecraft:oak_log":10,"supplementaries:candle_holder":2,"minecraft:moss_carpet":1,"minecraft:string":4,"minecraft:paper":5,"universal_graves:grave_compass":3,"minecraft:wheat_seeds":1,"twigs:pebble":7,"minecraft:iron_ingot":5,"minecraft:beef":4,"minecraft:written_book":1,"modern_industrialization:guidebook":3,"twigs:twig":2,"minecraft:bamboo":3,"minecraft:melon_slice":25,"minecraft:moss_block":17,"minecraft:oak_planks":25,"minecraft:book":3,"minecraft:oak_door":1,"patchouli:guide_book":1,"promenade:duck":4,"spectrum:citrine_shard":12,"minecraft:lava_bucket":6,"minecraft:birch_stairs":1,"minecraft:pointed_dripstone":40,"minecraft:carrot":5,"minecraft:spider_eye":1,"minecraft:mutton":5,"minecraft:white_wool":5},"minecraft:crafted":{"minecraft:wooden_sword":2,"minecraft:oak_planks":28,"minecraft:wooden_shovel":2,"minecraft:crafting_table":2,"minecraft:wooden_pickaxe":1,"minecraft:stick":12,"minecraft:wooden_axe":2},"minecraft:dropped":{"minecraft:wheat_seeds":1,"minecraft:oak_log":3,"minecraft:cocoa_beans":1,"minecraft:bowl":1,"minecraft:poisonous_potato":3,"minecraft:feather":8,"universal_graves:grave_compass":1,"artifacts:chorus_totem":1,"minecraft:carrot":10,"modern_industrialization:guidebook":6,"minecraft:lava_bucket":11,"minecraft:bamboo":6,"minecraft:paper":10,"minecraft:written_book":2,"minecraft:white_wool":5,"twigs:twig":2},"minecraft:killed_by":{"mutantmonsters:mutant_skeleton":2,"minecraft:skeleton":3,"minecraft:spider":2,"minecraft:zombie":2},"minecraft:mined":{"minecraft:birch_stairs":1,"spectrum:citrine_cluster":3,"twigs:pebble":5,"minecraft:quartz_block":4,"supplementaries:candle_holder":2,"minecraft:powder_snow":15,"minecraft:clay":4,"minecraft:crafting_table":3,"minecraft:calcite":1,"minecraft:melon":5,"minecraft:dead_bush":1,"spectrum:citrine_block":2,"minecraft:moss_block":54,"minecraft:oak_planks":26,"minecraft:sandstone":10,"minecraft:birch_planks":12,"minecraft:fire":1,"spectrum:large_citrine_bud":1,"treechop:chopped_log":1,"minecraft:moss_carpet":1,"minecraft:tnt":1,"minecraft:grass":8,"minecraft:bookshelf":1,"minecraft:oak_log":7,"minecraft:flowering_azalea_leaves":1,"minecraft:vine":1,"minecraft:oak_stairs":5,"minecraft:sand":94,"minecraft:dirt":1,"minecraft:smooth_basalt":1,"minecraft:end_stone_bricks":1,"minecraft:stone":2,"minecraft:netherrack":3,"minecraft:tripwire":3},"minecraft:used":{"minecraft:birch_planks":12,"minecraft:oak_planks":11,"minecraft:wooden_pickaxe":44,"minecraft:wooden_shovel":73,"minecraft:crafting_table":4,"minecraft:wooden_axe":67,"dimdoors:lime_fabric":78,"minecraft:oak_stairs":5,"minecraft:melon_slice":5,"minecraft:suspicious_stew":1,"minecraft:wooden_sword":79,"minecraft:fire_charge":1,"minecraft:cooked_beef":1,"minecraft:birch_stairs":1},"minecraft:custom":{"lootr:looted_stat":2,"minecraft:mob_kills":17,"dimdoors:times_sent_to_limbo":1,"minecraft:interact_with_crafting_table":5,"dimdoors:times_been_to_dungeon":30,"minecraft:open_barrel":2,"minecraft:leave_game":24,"minecraft:time_since_death":29378,"minecraft:climb_one_cm":147,"minecraft:time_since_rest":29423,"minecraft:sprint_one_cm":104716,"minecraft:damage_taken":1120,"minecraft:walk_one_cm":263099,"minecraft:drop":45,"minecraft:damage_dealt":3584,"minecraft:swim_one_cm":232650,"minecraft:talked_to_villager":1,"minecraft:fly_one_cm":98529,"minecraft:open_chest":24,"minecraft:crouch_one_cm":6282,"minecraft:play_time":101032,"minecraft:deaths":9,"minecraft:sneak_time":1675,"minecraft:walk_under_water_one_cm":4612,"dimdoors:times_teleported_by_monolith":3,"dimdoors:deaths_in_pocket":1,"minecraft:interact_with_lectern":1,"minecraft:jump":885,"minecraft:walk_on_water_one_cm":3924,"minecraft:total_world_time":101032,"minecraft:fall_one_cm":20221,"minecraft:inspect_dispenser":22}},"DataVersion":3465}