{"stats":{"minecraft:killed_by":{"minecraft:pillager":1,"minecraft:witch":1,"minecraft:zombie":5,"minecraft:spider":2,"adventurez:amethyst_golem":7,"minecraft:skeleton":11},"minecraft:killed":{"promenade:capybara":2,"minecraft:witch":2,"minecraft:spider":5,"minecraft:skeleton":7,"minecraft:chicken":4,"minecraft:creeper":7,"minecraft:sheep":6,"minecraft:pillager":1,"minecraft:zombie":17,"minecraft:glow_squid":1,"minecraft:cow":9,"minecraft:drowned":3},"minecraft:mined":{"minecraft:mossy_stone_brick_slab":1,"minecraft:jungle_leaves":1,"minecraft:obsidian":8,"minecraft:grass_block":142,"modern_industrialization:deepslate_lead_ore":27,"modern_industrialization:lignite_coal_ore":199,"minecraft:magma_block":2,"modern_industrialization:tungsten_ore":2,"minecraft:iron_ore":99,"minecraft:fire":38,"minecraft:moss_carpet":1,"minecraft:deepslate_lapis_ore":12,"minecraft:azalea_leaves":9,"minecraft:azalea":2,"bewitchment:deepslate_salt_ore":7,"modern_industrialization:deepslate_bauxite_ore":71,"minecraft:deepslate_redstone_ore":13,"spectrum:citrine_cluster":2,"modern_industrialization:deepslate_tungsten_ore":7,"soulsweapons:verglas_ore_deepslate":1,"modern_industrialization:deepslate_tin_ore":26,"minecraft:amethyst_cluster":4,"twigs:azalea_flowers":1,"minecraft:clay":56,"minecraft:torch":2,"minecraft:calcite":36,"minecraft:melon":13,"minecraft:chest":1,"minecraft:cobblestone":5,"minecraft:sugar_cane":3,"modern_industrialization:monazite_ore":1,"bewitchment:belladonna":3,"minecraft:wall_torch":1,"minecraft:amethyst_block":9,"minecraft:deepslate_copper_ore":2,"modern_industrialization:deepslate_lignite_coal_ore":53,"modern_industrialization:deepslate_uranium_ore":4,"minecraft:pink_petals":1,"minecraft:mud":1,"minecraft:wheat":45,"spectrum:large_citrine_bud":1,"minecraft:pitcher_plant":1,"minecraft:grass":120,"minecraft:dirt":49,"minecraft:sand":185,"modern_industrialization:salt_ore":15,"modern_industrialization:deepslate_salt_ore":1,"minecraft:mangrove_log":1,"minecraft:smooth_basalt":13,"minecraft:netherrack":10,"minecraft:oak_leaves":3,"minecraft:deepslate":101,"soulsweapons:verglas_ore":4,"minecraft:tuff":4,"minecraft:deepslate_diamond_ore":19,"modern_industrialization:deepslate_antimony_ore":12,"modern_industrialization:bauxite_ore":47,"modern_industrialization:uranium_ore":3,"minecraft:decorated_pot":1,"bewitchment:silver_ore":8,"minecraft:brown_mushroom_block":1,"spectrum:topaz_block":16,"minecraft:moss_block":18,"minecraft:sandstone":1,"bewitchment:deepslate_silver_ore":26,"minecraft:redstone_ore":3,"minecraft:andesite":28,"treechop:chopped_log":8,"minecraft:big_dripleaf_stem":1,"soulsweapons:moonstone_ore_deepslate":1,"minecraft:potatoes":5,"minecraft:deepslate_iron_ore":92,"minecraft:vine":18,"bewitchment:salt_ore":173,"modern_industrialization:deepslate_nickel_ore":18,"modern_industrialization:tin_ore":39,"minecraft:bamboo":1,"minecraft:stone":491,"twigs:pebble":1,"minecraft:flowering_azalea":2,"promenade:blunite":2,"minecraft:stone_brick_slab":2,"minecraft:crafting_table":5,"bewitchment:aconite":28,"bewitchment:garlic":15,"modern_industrialization:lead_ore":67,"minecraft:stone_slab":3,"modern_industrialization:nickel_ore":34,"minecraft:copper_ore":65,"minecraft:tall_grass":20,"minecraft:deepslate_coal_ore":74,"minecraft:deepslate_gold_ore":25,"minecraft:lapis_ore":12,"minecraft:big_dripleaf":1,"supplementaries:urn":38,"bewitchment:mandrake":7,"minecraft:coarse_dirt":1,"modern_industrialization:antimony_ore":21,"minecraft:torchflower":1,"minecraft:coal_ore":253,"minecraft:cocoa":6,"minecraft:gravel":3,"minecraft:acacia_planks":1,"minecraft:small_dripleaf":2,"spectrum:citrine_ore":8,"minecraft:fern":36},"minecraft:used":{"minecraft:moss_block":6,"minecraft:moss_carpet":2,"minecraft:iron_shovel":195,"minecraft:decorated_pot":1,"minecraft:chest":21,"minecraft:shield":15,"minecraft:stone":25,"minecraft:cocoa_beans":14,"minecraft:jungle_planks":90,"minecraft:big_dripleaf":4,"modern_industrialization:forge_hammer":1,"minecraft:deepslate_diamond_ore":8,"minecraft:furnace":5,"minecraft:cooked_cod":24,"minecraft:potato":21,"bewitchment:garlic":42,"minecraft:torchflower":1,"minecraft:stone_pickaxe":395,"minecraft:wooden_pickaxe":131,"minecraft:sugar_cane":6,"minecraft:sand":4,"modern_industrialization:bronze_boiler":1,"bewitchment:aconite_seeds":48,"modern_industrialization:steam_mining_drill":825,"minecraft:acacia_door":2,"minecraft:melon_slice":9,"minecraft:gravel":2,"minecraft:wooden_sword":112,"minecraft:smithing_table":1,"minecraft:andesite":1,"minecraft:coarse_dirt":1,"twigs:azalea_flowers":1,"minecraft:azalea":9,"minecraft:stone_sword":124,"minecraft:stone_shovel":131,"bewitchment:mandrake_seeds":14,"minecraft:cooked_salmon":8,"minecraft:torch":131,"minecraft:dirt":141,"minecraft:wooden_axe":114,"minecraft:flowering_azalea":1,"minecraft:bamboo":6,"minecraft:pitcher_plant":2,"minecraft:cobbled_deepslate":11,"minecraft:acacia_planks":130,"minecraft:wheat_seeds":105,"minecraft:water_bucket":13,"spectrum:citrine_ore":1,"minecraft:brown_mushroom":2,"minecraft:crafting_table":10,"minecraft:white_bed":1,"modern_industrialization:bronze_mixer":1,"modern_industrialization:fluid_pipe":13,"minecraft:cake":1,"bewitchment:belladonna_seeds":6,"minecraft:wooden_hoe":133,"minecraft:iron_pickaxe":1014,"modern_industrialization:bronze_macerator":1,"modern_industrialization:bronze_water_pump":1,"minecraft:fishing_rod":42,"minecraft:cobblestone":14,"travelersbackpack:standard":1,"minecraft:bucket":17,"minecraft:pumpkin_pie":2},"minecraft:picked_up":{"minecraft:wheat":42,"twigs:roseate_seashell":1,"minecraft:stone_slab":3,"modern_industrialization:bauxite_ore":8,"soulsweapons:moonstone":1,"minecraft:amethyst_block":8,"minecraft:string":8,"minecraft:raw_copper":246,"universal_graves:grave_compass":1,"minecraft:pufferfish":2,"minecraft:cobbled_deepslate":54,"modern_industrialization:raw_uranium":7,"twigs:pebble":2,"minecraft:calcite":26,"minecraft:azalea":15,"minecraft:melon_slice":57,"minecraft:deepslate_iron_ore":10,"minecraft:mangrove_log":1,"minecraft:golden_helmet":1,"minecraft:big_dripleaf":10,"modern_industrialization:tin_ore":3,"minecraft:torch":34,"minecraft:acacia_log":172,"bewitchment:belladonna":3,"twigs:bamboo_leaves":3,"minecraft:rotten_flesh":18,"minecraft:tropical_fish":9,"supplementaries:antique_ink":2,"bewitchment:mandrake_root":7,"supplementaries:ash":77,"minecraft:obsidian":8,"minecraft:cod":24,"modern_industrialization:raw_tin":62,"minecraft:cobblestone":104,"minecraft:nautilus_shell":1,"minecraft:pink_petals":4,"minecraft:magma_block":2,"minecraft:feather":7,"minecraft:andesite":25,"minecraft:jungle_log":33,"minecraft:potato":21,"minecraft:tuff":3,"supplementaries:flax_seeds":1,"minecraft:lapis_lazuli":62,"minecraft:dirt":185,"minecraft:leather_boots":1,"minecraft:bone":34,"minecraft:wheat_seeds":129,"minecraft:raw_gold":33,"modern_industrialization:bauxite_dust":105,"minecraft:bamboo":6,"minecraft:moss_block":24,"twigs:twig":28,"minecraft:sand":185,"twigs:azalea_flowers":1,"minecraft:grass_block":2,"spectrum:clover":1,"minecraft:clay":38,"minecraft:deepslate":45,"minecraft:diamond":12,"minecraft:bone_meal":1,"soulsweapons:verglas":5,"minecraft:emerald":7,"modern_industrialization:salt_dust":16,"minecraft:deepslate_coal_ore":4,"minecraft:oak_sapling":6,"minecraft:netherrack":10,"minecraft:coarse_dirt":1,"minecraft:fishing_rod":1,"minecraft:cocoa_beans":18,"minecraft:mud":1,"minecraft:crafting_table":5,"modern_industrialization:lignite_coal":192,"minecraft:chicken":4,"minecraft:clay_ball":87,"modern_industrialization:deepslate_lead_ore":2,"minecraft:brown_mushroom":2,"bewitchment:salt_ore":21,"promenade:blunite":2,"minecraft:moss_carpet":6,"minecraft:deepslate_diamond_ore":8,"minecraft:beef":17,"modern_industrialization:antimony_ore":4,"spectrum:topaz_block":13,"modern_industrialization:guidebook":1,"minecraft:jungle_sapling":6,"minecraft:sugar_cane":6,"minecraft:chest":1,"modern_industrialization:lead_ore":13,"minecraft:raw_iron":148,"minecraft:sandstone":1,"minecraft:stone":382,"minecraft:redstone":73,"minecraft:arrow":6,"bewitchment:garlic":44,"minecraft:decorated_pot":1,"minecraft:glow_berries":4,"minecraft:mutton":10,"minecraft:skeleton_skull":2,"minecraft:white_wool":6,"minecraft:lapis_ore":10,"modern_industrialization:raw_antimony":29,"minecraft:glow_ink_sac":18,"minecraft:salmon":10,"minecraft:leather":11,"minecraft:acacia_wood":24,"minecraft:torchflower":1,"modern_industrialization:nickel_ore":19,"minecraft:golden_boots":1,"bewitchment:silver_ore":8,"minecraft:gunpowder":9,"bewitchment:aconite_seeds":52,"minecraft:apple":1,"bewitchment:aconite":28,"bewitchment:mandrake_seeds":17,"minecraft:iron_ore":50,"minecraft:stone_pickaxe":1,"minecraft:glass_bottle":2,"minecraft:flowering_azalea":9,"minecraft:smooth_basalt":13,"modern_industrialization:raw_tungsten":9,"minecraft:pitcher_plant":2,"minecraft:stone_brick_slab":2,"spectrum:citrine_shard":27,"minecraft:gravel":3,"bewitchment:belladonna_seeds":7,"twigs:bronzed_seashell":1,"minecraft:amethyst_shard":12,"bewitchment:salt":234,"minecraft:mossy_stone_brick_slab":1,"minecraft:spider_eye":4,"modern_industrialization:lignite_coal_ore":57,"modern_industrialization:monazite_dust":1,"minecraft:oak_wood":21,"minecraft:coal_ore":33,"modern_industrialization:raw_nickel":33,"bewitchment:raw_silver":25,"modern_industrialization:deepslate_bauxite_ore":5,"spectrum:citrine_ore":1,"modern_industrialization:raw_lead":79,"minecraft:coal":305},"minecraft:broken":{"minecraft:stone_pickaxe":3,"minecraft:wooden_sword":1,"minecraft:wooden_axe":2,"minecraft:stone_shovel":1,"minecraft:wooden_pickaxe":2,"minecraft:iron_pickaxe":4,"minecraft:wooden_hoe":2},"minecraft:dropped":{"minecraft:acacia_wood":14,"minecraft:moss_block":15,"minecraft:diamond_axe":1,"minecraft:glass_bottle":2,"minecraft:dirt":2,"minecraft:jungle_sapling":4,"minecraft:wooden_sword":1,"minecraft:bone_meal":1,"minecraft:fishing_rod":1,"bewitchment:belladonna_seeds":1,"immersive_armors:wooden_boots":1,"universal_graves:grave_compass":8,"minecraft:mossy_stone_brick_slab":1,"minecraft:leather_boots":1,"minecraft:iron_ingot":5,"minecraft:golden_boots":1,"minecraft:wheat_seeds":4,"minecraft:golden_helmet":1,"minecraft:tropical_fish":8,"modern_industrialization:guidebook":28,"minecraft:torch":11,"bewitchment:garlic":2,"minecraft:flowering_azalea":8,"minecraft:mud":1,"minecraft:pink_petals":4,"minecraft:stone_brick_slab":2,"minecraft:smooth_basalt":8,"minecraft:moss_carpet":3,"minecraft:stone_sword":1,"minecraft:stone_slab":3,"bewitchment:mandrake_seeds":2,"minecraft:andesite":1,"minecraft:spider_eye":2,"minecraft:sandstone":1,"minecraft:stone_pickaxe":1,"minecraft:wooden_pickaxe":1,"minecraft:calcite":8},"minecraft:custom":{"lootr:looted_stat":6,"minecraft:interact_with_crafting_table":109,"minecraft:leave_game":17,"minecraft:time_since_death":226261,"minecraft:sprint_one_cm":569572,"minecraft:damage_blocked_by_shield":825,"minecraft:drop":88,"minecraft:play_time":538255,"minecraft:deaths":27,"minecraft:jump":3990,"minecraft:walk_on_water_one_cm":76368,"minecraft:interact_with_furnace":210,"minecraft:sleep_in_bed":13,"minecraft:damage_dealt":11659,"minecraft:crouch_one_cm":10547,"minecraft:interact_with_smithing_table":1,"minecraft:mob_kills":64,"minecraft:climb_one_cm":17519,"minecraft:walk_one_cm":761262,"minecraft:sneak_time":8171,"minecraft:walk_under_water_one_cm":38701,"minecraft:total_world_time":538255,"minecraft:time_since_rest":7408,"minecraft:damage_taken":3962,"minecraft:swim_one_cm":32483,"minecraft:fly_one_cm":520661,"minecraft:open_chest":235,"minecraft:fish_caught":36,"minecraft:fall_one_cm":71762},"minecraft:crafted":{"minecraft:brick":44,"modern_industrialization:bronze_gear":3,"minecraft:oak_planks":36,"modern_industrialization:forge_hammer":1,"modern_industrialization:copper_rotor":10,"minecraft:heavy_weighted_pressure_plate":3,"immersive_armors:wooden_chestplate":1,"minecraft:glass":43,"modern_industrialization:copper_blade":40,"minecraft:raw_copper":27,"minecraft:chest":22,"modern_industrialization:bronze_machine_casing":3,"minecraft:copper_block":11,"immersive_armors:wooden_helmet":1,"modern_industrialization:bronze_boiler":1,"modern_industrialization:bronze_ingot":144,"travelersbackpack:iron_tier_upgrade":1,"minecraft:acacia_wood":78,"modern_industrialization:fire_clay_brick":63,"minecraft:crafting_table":5,"modern_industrialization:salt_block":1,"minecraft:wooden_pickaxe":3,"travelersbackpack:standard":2,"immersive_armors:wooden_leggings":1,"minecraft:smithing_table":1,"minecraft:copper_ingot":372,"modern_industrialization:lead_ingot":37,"modern_industrialization:bronze_tank":2,"modern_industrialization:iron_hammer":6,"modern_industrialization:bronze_water_pump":1,"immersive_armors:wooden_boots":1,"minecraft:wooden_hoe":3,"minecraft:iron_chestplate":1,"minecraft:charcoal":24,"minecraft:shield":1,"minecraft:stick":84,"minecraft:iron_ingot":388,"minecraft:iron_pickaxe":5,"minecraft:iron_block":15,"minecraft:stone_sword":2,"minecraft:acacia_door":3,"minecraft:gold_ingot":20,"modern_industrialization:bronze_macerator":1,"minecraft:wooden_sword":2,"minecraft:stone_shovel":1,"minecraft:fishing_rod":2,"modern_industrialization:fire_clay_bricks":12,"modern_industrialization:copper_gear":8,"modern_industrialization:tin_ingot":36,"minecraft:furnace":8,"travelersbackpack:blank_upgrade":4,"minecraft:glass_pane":16,"modern_industrialization:fire_clay_dust":63,"travelersbackpack:white_sleeping_bag":1,"modern_industrialization:fluid_pipe":48,"modern_industrialization:bronze_mixer":1,"minecraft:stone_pickaxe":3,"minecraft:clay_ball":52,"modern_industrialization:wrench":1,"modern_industrialization:iron_large_plate":32,"minecraft:coal_block":30,"minecraft:cooked_cod":24,"modern_industrialization:nickel_ingot":15,"modern_industrialization:steam_mining_drill":1,"travelersbackpack:backpack_tank":4,"modern_industrialization:lignite_coal_crushed_dust":123,"minecraft:cooked_salmon":10,"minecraft:mangrove_planks":4,"minecraft:bucket":2,"modern_industrialization:copper_drill_head":1,"minecraft:bread":14,"minecraft:jungle_planks":100,"modern_industrialization:bronze_dust":144,"minecraft:air":0,"bewitchment:salt_block":26,"minecraft:wooden_axe":2,"minecraft:iron_shovel":1,"minecraft:white_bed":1,"minecraft:acacia_planks":176,"minecraft:torch":108}},"DataVersion":3465}