{"stats":{"minecraft:dropped":{"minecraft:egg":1},"minecraft:picked_up":{"minecraft:stick":2,"minecraft:crafting_table":1,"jeg:pistol_ammo":64,"minecraft:porkchop":3,"minecraft:oak_log":7,"minecraft:spider_eye":1,"minecraft:dirt":6,"jeg:revolver":1,"minecraft:rotten_flesh":6,"minecraft:kelp":1,"minecraft:cobbled_deepslate":1,"firstaid:bandage":16,"minecraft:mutton":4,"minecraft:phantom_membrane":1,"minecraft:cobblestone":16,"minecraft:egg":2},"minecraft:killed_by":{"minecraft:zombie":1},"minecraft:used":{"minecraft:stone_sword":20,"minecraft:iron_pickaxe":1,"minecraft:wooden_pickaxe":16,"minecraft:iron_sword":9,"minecraft:stone_axe":4,"minecraft:dirt":5,"minecraft:mutton":2,"minecraft:crafting_table":1,"jeg:revolver":10,"alexsmobs:animal_dictionary":1,"minecraft:egg":1,"minecraft:cobbled_deepslate":1},"minecraft:mined":{"minecraft:cobbled_deepslate":1,"minecraft:crafting_table":1,"minecraft:grass":2,"minecraft:grass_block":4,"minecraft:oak_log":7,"minecraft:dirt":2,"horror_element_mod:sliced_body":1,"minecraft:cobblestone":1,"minecraft:stone":15},"minecraft:crafted":{"minecraft:oak_planks":16,"minecraft:iron_boots":1,"minecraft:iron_chestplate":1,"minecraft:crafting_table":1,"minecraft:stick":8,"minecraft:iron_pickaxe":1,"minecraft:iron_helmet":1,"minecraft:wooden_pickaxe":1,"minecraft:stone_pickaxe":1,"minecraft:stone_sword":1,"minecraft:iron_sword":1,"minecraft:iron_leggings":1,"minecraft:stone_axe":1},"minecraft:custom":{"minecraft:time_since_rest":11806,"minecraft:sprint_one_cm":34764,"minecraft:damage_taken":465,"minecraft:walk_one_cm":24964,"minecraft:mob_kills":7,"minecraft:drop":1,"minecraft:damage_dealt":1059,"minecraft:swim_one_cm":58907,"minecraft:interact_with_crafting_table":3,"minecraft:fly_one_cm":38584,"minecraft:open_barrel":4,"minecraft:open_chest":2,"minecraft:crouch_one_cm":1099,"minecraft:play_time":19418,"minecraft:deaths":1,"minecraft:sneak_time":432,"minecraft:walk_under_water_one_cm":18316,"minecraft:jump":219,"minecraft:walk_on_water_one_cm":2671,"minecraft:time_since_death":11771,"minecraft:total_world_time":19418,"minecraft:fall_one_cm":7525},"minecraft:killed":{"minecraft:zombie":3,"minecraft:pig":3,"minecraft:skeleton_horse":1}},"DataVersion":3465}