{"stats":{"minecraft:dropped":{"minecraft:egg":1},"minecraft:picked_up":{"minecraft:stick":6,"minecraft:crafting_table":1,"minecraft:feather":2,"minecraft:chicken":1,"jeg:pistol_ammo":64,"minecraft:porkchop":10,"minecraft:oak_log":47,"minecraft:diorite":12,"minecraft:string":2,"minecraft:spider_eye":1,"minecraft:dirt":10,"minecraft:apple":1,"minecraft:bone":1,"jeg:revolver":1,"minecraft:rotten_flesh":14,"minecraft:kelp":1,"minecraft:cobbled_deepslate":1,"firstaid:bandage":16,"minecraft:oak_sapling":2,"minecraft:birch_sapling":1,"minecraft:mutton":4,"minecraft:phantom_membrane":1,"minecraft:cobblestone":32,"minecraft:egg":2},"minecraft:killed_by":{"minecraft:zombie":2},"minecraft:used":{"minecraft:stone_sword":20,"minecraft:chicken":1,"minecraft:iron_pickaxe":30,"minecraft:wooden_pickaxe":16,"minecraft:iron_sword":41,"minecraft:stone_axe":46,"minecraft:dirt":5,"minecraft:mutton":2,"minecraft:crafting_table":1,"minecraft:porkchop":6,"jeg:revolver":72,"alexsmobs:animal_dictionary":1,"minecraft:egg":1,"minecraft:cobbled_deepslate":17},"minecraft:mined":{"minecraft:cobbled_deepslate":1,"minecraft:crafting_table":1,"minecraft:grass":3,"minecraft:grass_block":5,"minecraft:oak_log":47,"minecraft:dirt":5,"horror_element_mod:sliced_body":1,"minecraft:cobblestone":1,"minecraft:stone":32,"minecraft:diorite":12,"minecraft:oak_leaves":2},"minecraft:crafted":{"minecraft:oak_planks":16,"minecraft:iron_boots":1,"minecraft:iron_chestplate":1,"minecraft:crafting_table":1,"minecraft:stick":8,"minecraft:iron_pickaxe":1,"minecraft:iron_helmet":1,"minecraft:wooden_pickaxe":1,"minecraft:stone_pickaxe":1,"minecraft:stone_sword":1,"minecraft:iron_sword":1,"minecraft:iron_leggings":1,"minecraft:stone_axe":1},"minecraft:custom":{"minecraft:time_since_rest":2129,"minecraft:sprint_one_cm":106691,"minecraft:damage_taken":678,"minecraft:walk_one_cm":84046,"minecraft:mob_kills":28,"minecraft:drop":1,"minecraft:damage_dealt":2238,"minecraft:swim_one_cm":58907,"minecraft:interact_with_crafting_table":3,"minecraft:fly_one_cm":91941,"minecraft:open_barrel":4,"minecraft:open_chest":2,"minecraft:crouch_one_cm":2130,"minecraft:play_time":35735,"minecraft:deaths":2,"minecraft:sneak_time":639,"minecraft:walk_under_water_one_cm":18316,"minecraft:jump":588,"minecraft:leave_game":1,"minecraft:walk_on_water_one_cm":2894,"minecraft:time_since_death":2108,"minecraft:climb_one_cm":411,"minecraft:total_world_time":35735,"minecraft:fall_one_cm":16745},"minecraft:killed":{"minecraft:pillager":2,"minecraft:zombie":13,"graveyard:ghoul":1,"minecraft:pig":7,"minecraft:chicken":2,"minecraft:skeleton_horse":1,"minecraft:zombie_horse":1}},"DataVersion":3465}