{"stats":{"minecraft:picked_up":{"minecraft:crafting_table":1,"minecraft:rotten_flesh":4,"minecraft:oak_log":7,"minecraft:spider_eye":1,"minecraft:dirt":6,"minecraft:cobblestone":16},"minecraft:used":{"minecraft:stone_axe":4,"minecraft:stone_sword":12,"minecraft:dirt":5,"minecraft:crafting_table":1,"alexsmobs:animal_dictionary":1,"minecraft:wooden_pickaxe":16},"minecraft:mined":{"minecraft:grass_block":4,"minecraft:oak_log":7,"minecraft:dirt":2,"horror_element_mod:sliced_body":1,"minecraft:cobblestone":1,"minecraft:stone":15,"minecraft:crafting_table":1},"minecraft:crafted":{"minecraft:stone_sword":1,"minecraft:oak_planks":16,"minecraft:stone_axe":1,"minecraft:crafting_table":1,"minecraft:stick":8,"minecraft:stone_pickaxe":1,"minecraft:wooden_pickaxe":1},"minecraft:custom":{"minecraft:time_since_rest":7418,"minecraft:crouch_one_cm":286,"minecraft:play_time":7418,"minecraft:sprint_one_cm":12480,"minecraft:damage_taken":145,"minecraft:walk_one_cm":9744,"minecraft:sneak_time":69,"minecraft:mob_kills":2,"minecraft:jump":96,"minecraft:damage_dealt":461,"minecraft:time_since_death":7418,"minecraft:walk_on_water_one_cm":199,"minecraft:total_world_time":7418,"minecraft:interact_with_crafting_table":2,"minecraft:fall_one_cm":4286,"minecraft:fly_one_cm":12575},"minecraft:killed":{"minecraft:zombie":1,"minecraft:skeleton_horse":1}},"DataVersion":3465}