{"stats":{"minecraft:dropped":{"minecraft:iron_helmet":1,"minecraft:granite":1,"firstaid:bandage":16,"minecraft:phantom_membrane":1,"minecraft:stone_axe":1,"minecraft:cobbled_deepslate":17,"alexsmobs:animal_dictionary":1,"minecraft:tuff":1,"minecraft:pointed_dripstone":1,"jeg:revolver":1,"minecraft:iron_chestplate":1,"man_of_many_planes:scarlet_biplane":1,"better_mob_food:cooked_flesh":29,"minecraft:spider_eye":2,"minecraft:iron_bars":1,"jeg:pistol_ammo":64,"minecraft:polished_granite":1},"minecraft:picked_up":{"minecraft:iron_chestplate":1,"minecraft:crafting_table":4,"minecraft:leather_leggings":1,"minecraft:chicken":2,"minecraft:polished_deepslate":2,"minecraft:string":4,"minecraft:raw_copper":155,"immersive_aircraft:biplane":4,"graveyard:corruption":3,"minecraft:cobbled_deepslate":145,"minecraft:spruce_planks":15,"minecraft:redstone_torch":2,"minecraft:enchanted_golden_apple":1,"minecraft:sugar_cane":5,"minecraft:phantom_membrane":1,"minecraft:egg":2,"minecraft:stick":6,"minecraft:raw_iron":79,"minecraft:torch":9,"minecraft:porkchop":11,"minecraft:lightning_rod":2,"minecraft:pointed_dripstone":1,"minecraft:redstone":42,"minecraft:dark_oak_planks":3,"man_of_many_planes:scarlet_biplane":3,"jeg:circuit_board":1,"minecraft:rotten_flesh":66,"minecraft:iron_bars":1,"minecraft:cobblestone":239,"minecraft:leather_chestplate":2,"minecraft:glow_ink_sac":3,"minecraft:andesite":36,"minecraft:flint":1,"alexsmobs:cachalot_whale_tooth":1,"minecraft:tuff":1,"minecraft:oak_log":99,"jeg:scrap":139,"minecraft:gunpowder":10,"minecraft:lapis_lazuli":62,"minecraft:dirt":3,"minecraft:white_banner":1,"minecraft:polished_granite":1,"minecraft:bone":18,"minecraft:apple":3,"minecraft:stone_bricks":2,"minecraft:wheat_seeds":2,"minecraft:raw_gold":10,"jeg:tech_trash":24,"minecraft:oak_planks":1,"minecraft:gravel":42,"minecraft:sand":143,"minecraft:ink_sac":7,"minecraft:white_bed":1,"alexsmobs:animal_dictionary":1,"minecraft:dark_oak_log":3,"minecraft:spider_eye":2,"minecraft:slime_ball":2,"minecraft:stone_axe":1,"minecraft:iron_helmet":1,"minecraft:granite":15,"minecraft:emerald":11,"minecraft:oak_sapling":20,"minecraft:coal":80},"minecraft:killed_by":{"alexsmobs:froststalker":1,"graveyard:ghoul":1,"minecraft:pillager":2,"minecraft:drowned":1,"minecraft:zombie":5},"minecraft:used":{"minecraft:stone_sword":181,"minecraft:stone_shovel":131,"minecraft:chest":3,"minecraft:shield":3,"minecraft:torch":80,"minecraft:anvil":1,"minecraft:granite":14,"better_mob_food:cooked_flesh":6,"minecraft:oak_sapling":16,"minecraft:furnace":1,"jeg:revolver":72,"immersive_aircraft:biplane":4,"minecraft:cobbled_deepslate":35,"minecraft:iron_leggings":1,"minecraft:stone_pickaxe":521,"minecraft:oak_planks":26,"minecraft:wooden_pickaxe":16,"minecraft:sand":121,"minecraft:crafting_table":7,"minecraft:white_bed":1,"minecraft:apple":1,"man_of_many_planes:scarlet_biplane":3,"minecraft:iron_pickaxe":250,"jeg:scrap_workbench":1,"marbledsarsenal:machete":148,"minecraft:stone_axe":121,"minecraft:cobblestone":128},"minecraft:mined":{"minecraft:tuff":2,"minecraft:white_bed":1,"minecraft:oak_sapling":1,"minecraft:sculk_vein":4,"minecraft:granite":15,"minecraft:grass_block":2,"minecraft:spawner":1,"minecraft:redstone_ore":9,"minecraft:iron_ore":76,"minecraft:fire":6,"minecraft:andesite":17,"minecraft:black_carpet":1,"minecraft:deepslate_lapis_ore":4,"minecraft:polished_deepslate":2,"minecraft:deepslate_iron_ore":4,"minecraft:stone":80,"jeg:scrap_ore":40,"minecraft:crafting_table":3,"minecraft:torch":1,"minecraft:sculk_sensor":1,"minecraft:lightning_rod":2,"minecraft:copper_ore":44,"minecraft:cobblestone":174,"minecraft:deepslate_gold_ore":11,"minecraft:lapis_ore":6,"minecraft:sugar_cane":4,"minecraft:oak_planks":1,"minecraft:sculk":28,"minecraft:wall_torch":6,"jeg:deepslate_scrap_ore":36,"minecraft:grass":1,"minecraft:oak_log":99,"minecraft:coal_ore":82,"minecraft:gravel":44,"minecraft:sand":144,"minecraft:dirt":2,"minecraft:stone_bricks":2,"minecraft:oak_leaves":25,"minecraft:deepslate":169},"minecraft:crafted":{"immersive_aircraft:engine":1,"marbledsarsenal:desert_military_armor_boots":1,"minecraft:oak_planks":92,"minecraft:smooth_stone":3,"minecraft:stone_shovel":1,"minecraft:furnace":3,"minecraft:blast_furnace":1,"immersive_aircraft:biplane":1,"minecraft:piston":2,"minecraft:stone":4,"marbledsarsenal:desert_military_armor_helmet":1,"jeg:scrap_workbench":1,"marbledsarsenal:machete":1,"immersive_aircraft:hull":6,"minecraft:stone_pickaxe":4,"minecraft:chest":3,"marbledsapi:steel_ingot":17,"man_of_many_planes:scarlet_biplane":1,"marbledsapi:steel_sheet":8,"immersive_aircraft:boiler":1,"minecraft:crafting_table":4,"minecraft:wooden_pickaxe":1,"better_mob_food:cooked_flesh":56,"minecraft:copper_ingot":13,"marbledsarsenal:desert_military_armor_leggings":1,"minecraft:stone_axe":1,"immersive_aircraft:propeller":2,"minecraft:air":0,"jeg:scrap_block":1,"marbledsapi:raw_steel":17,"minecraft:shield":1,"minecraft:stick":36,"minecraft:iron_ingot":58,"minecraft:iron_pickaxe":2,"minecraft:stone_sword":1,"minecraft:torch":64},"minecraft:broken":{"minecraft:stone_sword":1,"minecraft:stone_pickaxe":4,"minecraft:stone_axe":1,"minecraft:iron_pickaxe":1,"minecraft:stone_shovel":1},"minecraft:custom":{"minecraft:interact_with_smithing_table":6,"minecraft:mob_kills":91,"minecraft:interact_with_anvil":7,"minecraft:inspect_hopper":1,"minecraft:interact_with_crafting_table":47,"minecraft:open_barrel":10,"minecraft:leave_game":3,"minecraft:time_since_death":20558,"minecraft:climb_one_cm":431,"minecraft:sprint_one_cm":162514,"minecraft:walk_one_cm":502322,"minecraft:damage_blocked_by_shield":115,"minecraft:drop":46,"minecraft:play_time":249899,"minecraft:deaths":12,"minecraft:sneak_time":13686,"minecraft:walk_under_water_one_cm":91868,"minecraft:jump":2052,"minecraft:walk_on_water_one_cm":159231,"minecraft:total_world_time":249899,"minecraft:interact_with_furnace":61,"minecraft:time_since_rest":20578,"minecraft:damage_taken":2932,"minecraft:trigger_trapped_chest":5,"minecraft:damage_dealt":13620,"minecraft:swim_one_cm":131312,"minecraft:fly_one_cm":174294,"minecraft:open_chest":89,"minecraft:crouch_one_cm":42931,"minecraft:fall_one_cm":34211},"minecraft:killed":{"minecraft:zombie_horse":4,"minecraft:chicken":2,"minecraft:drowned":8,"minecraft:skeleton_horse":1,"minecraft:pig":5,"graveyard:ghoul":5,"minecraft:pillager":8,"minecraft:zombie":52}},"DataVersion":3465}