{"stats":{"minecraft:crafted":{"minecraft:crafting_table":1,"minecraft:stick":8,"minecraft:wooden_pickaxe":1,"minecraft:iron_ingot":15,"minecraft:stone_pickaxe":1,"minecraft:furnace":1,"minecraft:dark_oak_planks":20,"minecraft:stone_axe":1,"minecraft:air":0},"minecraft:killed":{"minecraft:skeleton":1,"minecraft:zombie":2,"born_in_chaos_v1:corpse_fly":1,"luminousworld:dark_oak_zombie":2,"born_in_chaos_v1:decrepit_skeleton":1},"minecraft:mined":{"minecraft:furnace":1,"iceandfire:silver_ore":2,"minecraft:iron_ore":16,"minecraft:dark_oak_log":21,"minecraft:crafting_table":2,"minecraft:granite":1,"minecraft:grass_block":1,"minecraft:coal_ore":14,"minecraft:dirt":1,"minecraft:cobblestone":1,"luminousworld:groundpebbles_2":1,"minecraft:stone":23,"minecraft:small_dripleaf":1},"minecraft:used":{"born_in_chaos_v1:corpse_maggot":1,"minecraft:stone_pickaxe":44,"minecraft:wooden_pickaxe":15,"luminousworld:groundpebbles_1":1,"minecraft:stone_axe":41,"minecraft:dirt":2,"minecraft:cobblestone":4,"minecraft:crafting_table":2,"minecraft:furnace":1},"minecraft:picked_up":{"minecraft:crafting_table":2,"luminousworld:groundpebbles_1":1,"born_in_chaos_v1:corpse_maggot":1,"minecraft:raw_iron":15,"minecraft:big_dripleaf":2,"minecraft:red_mushroom":2,"tombstone:grave_dust":1,"minecraft:gunpowder":2,"minecraft:dark_oak_log":21,"minecraft:dirt":2,"minecraft:bone":3,"minecraft:rotten_flesh":4,"minecraft:tropical_fish":1,"minecraft:granite":4,"supplementaries:ash":2,"minecraft:moss_block":1,"minecraft:flowering_azalea":1,"minecraft:coal":26,"iceandfire:raw_silver":3,"minecraft:cobblestone":24,"minecraft:furnace":1},"minecraft:custom":{"minecraft:time_since_rest":19584,"minecraft:interact_with_furnace":2,"minecraft:sprint_one_cm":9027,"minecraft:damage_taken":260,"minecraft:walk_one_cm":48413,"minecraft:mob_kills":8,"minecraft:damage_dealt":1289,"minecraft:swim_one_cm":10753,"minecraft:interact_with_crafting_table":4,"minecraft:fly_one_cm":5659,"minecraft:crouch_one_cm":846,"minecraft:play_time":43142,"tombstone:undead_killed":6,"minecraft:deaths":1,"minecraft:sneak_time":316,"minecraft:walk_under_water_one_cm":9086,"minecraft:jump":191,"minecraft:leave_game":1,"minecraft:time_since_death":19970,"minecraft:walk_on_water_one_cm":10689,"minecraft:total_world_time":43142,"minecraft:fall_one_cm":1706}},"DataVersion":3465}