{"stats":{"minecraft:killed":{"minecraft:skeleton":1,"minecraft:zombie":2,"born_in_chaos_v1:corpse_fly":1,"luminousworld:dark_oak_zombie":2,"born_in_chaos_v1:decrepit_skeleton":1},"minecraft:mined":{"iceandfire:silver_ore":2,"minecraft:iron_ore":16,"minecraft:dark_oak_log":21,"minecraft:crafting_table":1,"minecraft:granite":1,"minecraft:grass_block":1,"minecraft:coal_ore":14,"minecraft:dirt":1,"luminousworld:groundpebbles_2":1,"minecraft:stone":17,"minecraft:small_dripleaf":1},"minecraft:crafted":{"minecraft:crafting_table":1,"minecraft:stick":8,"minecraft:wooden_pickaxe":1,"minecraft:stone_pickaxe":1,"minecraft:furnace":1,"minecraft:dark_oak_planks":20,"minecraft:stone_axe":1},"minecraft:picked_up":{"luminousworld:groundpebbles_1":1,"born_in_chaos_v1:corpse_maggot":1,"minecraft:raw_iron":15,"minecraft:crafting_table":1,"minecraft:big_dripleaf":2,"minecraft:red_mushroom":2,"tombstone:grave_dust":1,"minecraft:gunpowder":2,"minecraft:dark_oak_log":21,"minecraft:dirt":2,"minecraft:bone":3,"minecraft:rotten_flesh":4,"minecraft:tropical_fish":1,"minecraft:granite":4,"supplementaries:ash":2,"minecraft:moss_block":1,"minecraft:coal":14,"minecraft:flowering_azalea":1,"iceandfire:raw_silver":3,"minecraft:cobblestone":17},"minecraft:used":{"born_in_chaos_v1:corpse_maggot":1,"minecraft:stone_pickaxe":36,"minecraft:wooden_pickaxe":15,"luminousworld:groundpebbles_1":1,"minecraft:stone_axe":40,"minecraft:dirt":2,"minecraft:cobblestone":3,"minecraft:crafting_table":2,"minecraft:furnace":1},"minecraft:custom":{"minecraft:time_since_rest":5359,"minecraft:interact_with_furnace":1,"minecraft:sprint_one_cm":9007,"minecraft:damage_taken":260,"minecraft:walk_one_cm":45213,"minecraft:mob_kills":8,"minecraft:damage_dealt":1289,"minecraft:interact_with_crafting_table":4,"minecraft:swim_one_cm":10753,"minecraft:fly_one_cm":5659,"minecraft:crouch_one_cm":727,"minecraft:play_time":28917,"tombstone:undead_killed":6,"minecraft:deaths":1,"minecraft:sneak_time":294,"minecraft:walk_under_water_one_cm":9086,"minecraft:jump":191,"minecraft:walk_on_water_one_cm":10689,"minecraft:time_since_death":5745,"minecraft:total_world_time":28917,"minecraft:fall_one_cm":1706}},"DataVersion":3465}