{"stats":{"minecraft:dropped":{"minecraft:stone_axe":1,"alexsmobs:animal_dictionary":1,"minecraft:pointed_dripstone":1,"jeg:revolver":1,"firstaid:bandage":16,"minecraft:iron_bars":1,"minecraft:polished_granite":1,"jeg:pistol_ammo":64},"minecraft:used":{"minecraft:stone_sword":123,"minecraft:stone_shovel":131,"minecraft:stone_pickaxe":263,"minecraft:oak_planks":26,"minecraft:chest":3,"minecraft:wooden_pickaxe":16,"minecraft:torch":24,"minecraft:sand":121,"minecraft:crafting_table":5,"minecraft:white_bed":1,"minecraft:apple":1,"minecraft:iron_pickaxe":30,"better_mob_food:cooked_flesh":2,"jeg:scrap_workbench":1,"minecraft:stone_axe":110,"minecraft:cobblestone":109,"minecraft:furnace":1,"minecraft:oak_sapling":16,"jeg:revolver":12,"immersive_aircraft:biplane":1},"minecraft:picked_up":{"minecraft:crafting_table":3,"minecraft:chicken":2,"alexsmobs:cachalot_whale_tooth":1,"minecraft:oak_log":99,"jeg:scrap":18,"minecraft:gunpowder":1,"minecraft:string":4,"minecraft:dirt":3,"minecraft:raw_copper":25,"minecraft:polished_granite":1,"minecraft:bone":8,"minecraft:apple":3,"minecraft:wheat_seeds":2,"minecraft:spruce_planks":3,"minecraft:redstone_torch":2,"minecraft:oak_planks":1,"minecraft:egg":2,"minecraft:stick":6,"minecraft:raw_iron":7,"minecraft:torch":4,"minecraft:sand":143,"minecraft:ink_sac":7,"minecraft:pointed_dripstone":1,"minecraft:white_bed":1,"minecraft:dark_oak_log":3,"alexsmobs:animal_dictionary":1,"minecraft:dark_oak_planks":3,"minecraft:rotten_flesh":11,"minecraft:stone_axe":1,"minecraft:granite":14,"minecraft:emerald":11,"minecraft:oak_sapling":20,"minecraft:iron_bars":1,"minecraft:coal":55,"minecraft:cobblestone":202},"minecraft:crafted":{"immersive_aircraft:engine":1,"minecraft:oak_planks":92,"minecraft:smooth_stone":3,"minecraft:stone_shovel":1,"immersive_aircraft:boiler":1,"minecraft:crafting_table":3,"minecraft:wooden_pickaxe":1,"better_mob_food:cooked_flesh":56,"minecraft:furnace":3,"minecraft:blast_furnace":1,"minecraft:piston":2,"immersive_aircraft:biplane":1,"minecraft:copper_ingot":8,"minecraft:stone":4,"minecraft:stone_axe":1,"immersive_aircraft:propeller":1,"minecraft:air":0,"jeg:scrap_block":1,"marbledsapi:raw_steel":6,"jeg:scrap_workbench":1,"minecraft:stick":20,"minecraft:iron_pickaxe":1,"minecraft:iron_ingot":11,"immersive_aircraft:hull":3,"minecraft:stone_pickaxe":2,"minecraft:stone_sword":1,"minecraft:chest":3,"marbledsapi:steel_ingot":6,"minecraft:torch":28},"minecraft:killed_by":{"alexsmobs:froststalker":1,"minecraft:zombie":5,"minecraft:pillager":2,"minecraft:drowned":1},"minecraft:mined":{"minecraft:white_bed":1,"minecraft:oak_sapling":1,"jeg:scrap_ore":2,"minecraft:crafting_table":2,"minecraft:torch":1,"minecraft:granite":14,"minecraft:grass_block":2,"minecraft:copper_ore":7,"minecraft:cobblestone":171,"minecraft:oak_planks":1,"minecraft:wall_torch":3,"minecraft:spawner":1,"minecraft:iron_ore":7,"minecraft:fire":6,"minecraft:grass":1,"minecraft:oak_log":99,"minecraft:coal_ore":55,"minecraft:sand":144,"minecraft:dirt":1,"minecraft:stone":49,"minecraft:oak_leaves":25},"minecraft:killed":{"minecraft:pillager":2,"minecraft:zombie":10,"minecraft:chicken":2,"minecraft:drowned":4},"minecraft:custom":{"minecraft:interact_with_smithing_table":1,"minecraft:interact_with_furnace":28,"minecraft:mob_kills":19,"minecraft:interact_with_crafting_table":24,"minecraft:open_barrel":3,"minecraft:leave_game":1,"minecraft:time_since_death":11202,"minecraft:climb_one_cm":90,"minecraft:time_since_rest":11333,"minecraft:sprint_one_cm":97695,"minecraft:damage_taken":2311,"minecraft:walk_one_cm":263656,"minecraft:trigger_trapped_chest":5,"minecraft:drop":8,"minecraft:damage_dealt":3167,"minecraft:swim_one_cm":95454,"minecraft:fly_one_cm":118082,"minecraft:open_chest":43,"minecraft:crouch_one_cm":35027,"minecraft:play_time":122864,"minecraft:deaths":10,"minecraft:sneak_time":10456,"minecraft:walk_under_water_one_cm":54355,"minecraft:jump":1029,"minecraft:walk_on_water_one_cm":88237,"minecraft:total_world_time":122864,"minecraft:fall_one_cm":23608},"minecraft:broken":{"minecraft:stone_pickaxe":2,"minecraft:stone_shovel":1}},"DataVersion":3465}