{"stats":{"minecraft:dropped":{"minecraft:stone_axe":1,"alexsmobs:animal_dictionary":1,"minecraft:pointed_dripstone":1,"jeg:revolver":1,"firstaid:bandage":16,"minecraft:spider_eye":1,"minecraft:iron_bars":1,"minecraft:polished_granite":1,"jeg:pistol_ammo":64},"minecraft:used":{"minecraft:stone_sword":181,"minecraft:stone_shovel":131,"minecraft:stone_pickaxe":263,"minecraft:oak_planks":26,"minecraft:chest":3,"minecraft:wooden_pickaxe":16,"minecraft:torch":40,"minecraft:sand":121,"minecraft:crafting_table":5,"minecraft:white_bed":1,"minecraft:apple":1,"minecraft:iron_pickaxe":100,"better_mob_food:cooked_flesh":2,"jeg:scrap_workbench":1,"minecraft:stone_axe":121,"minecraft:cobblestone":112,"minecraft:furnace":1,"minecraft:oak_sapling":16,"jeg:revolver":14,"immersive_aircraft:biplane":2},"minecraft:picked_up":{"minecraft:leather_chestplate":1,"minecraft:crafting_table":3,"minecraft:leather_leggings":1,"minecraft:chicken":2,"alexsmobs:cachalot_whale_tooth":1,"minecraft:oak_log":99,"jeg:scrap":49,"minecraft:gunpowder":7,"minecraft:lapis_lazuli":26,"minecraft:string":4,"minecraft:dirt":3,"minecraft:raw_copper":25,"minecraft:polished_granite":1,"immersive_aircraft:biplane":1,"minecraft:bone":9,"minecraft:apple":3,"graveyard:corruption":1,"minecraft:wheat_seeds":2,"minecraft:spruce_planks":3,"minecraft:redstone_torch":2,"jeg:tech_trash":8,"minecraft:oak_planks":1,"minecraft:egg":2,"minecraft:stick":6,"minecraft:raw_iron":31,"minecraft:torch":5,"minecraft:sand":143,"minecraft:ink_sac":7,"minecraft:pointed_dripstone":1,"minecraft:white_bed":1,"minecraft:spider_eye":1,"minecraft:redstone":37,"minecraft:dark_oak_log":3,"alexsmobs:animal_dictionary":1,"minecraft:dark_oak_planks":3,"minecraft:slime_ball":1,"minecraft:rotten_flesh":32,"minecraft:stone_axe":1,"minecraft:granite":14,"minecraft:emerald":11,"minecraft:oak_sapling":20,"minecraft:iron_bars":1,"minecraft:coal":57,"minecraft:cobblestone":212},"minecraft:crafted":{"immersive_aircraft:engine":1,"minecraft:oak_planks":92,"minecraft:smooth_stone":3,"minecraft:stone_shovel":1,"immersive_aircraft:boiler":1,"minecraft:crafting_table":3,"minecraft:wooden_pickaxe":1,"better_mob_food:cooked_flesh":56,"minecraft:furnace":3,"minecraft:blast_furnace":1,"minecraft:piston":2,"immersive_aircraft:biplane":1,"minecraft:copper_ingot":8,"minecraft:stone":4,"minecraft:stone_axe":1,"immersive_aircraft:propeller":1,"minecraft:air":0,"jeg:scrap_block":1,"marbledsapi:raw_steel":6,"jeg:scrap_workbench":1,"minecraft:stick":20,"minecraft:iron_pickaxe":1,"minecraft:iron_ingot":11,"immersive_aircraft:hull":3,"minecraft:stone_pickaxe":2,"minecraft:stone_sword":1,"minecraft:chest":3,"marbledsapi:steel_ingot":6,"minecraft:torch":28},"minecraft:killed_by":{"alexsmobs:froststalker":1,"graveyard:ghoul":1,"minecraft:zombie":5,"minecraft:pillager":2,"minecraft:drowned":1},"minecraft:mined":{"minecraft:white_bed":1,"minecraft:oak_sapling":1,"jeg:scrap_ore":22,"minecraft:crafting_table":2,"minecraft:torch":1,"minecraft:granite":14,"minecraft:grass_block":2,"minecraft:copper_ore":7,"minecraft:cobblestone":171,"minecraft:lapis_ore":5,"minecraft:oak_planks":1,"minecraft:wall_torch":3,"minecraft:spawner":1,"minecraft:redstone_ore":8,"minecraft:iron_ore":32,"minecraft:fire":6,"minecraft:grass":1,"minecraft:oak_log":99,"minecraft:coal_ore":57,"minecraft:sand":144,"minecraft:dirt":1,"minecraft:stone":59,"minecraft:oak_leaves":25},"minecraft:killed":{"graveyard:ghoul":2,"minecraft:pillager":2,"minecraft:zombie":26,"minecraft:chicken":2,"minecraft:drowned":4},"minecraft:custom":{"minecraft:interact_with_smithing_table":1,"minecraft:interact_with_furnace":32,"minecraft:mob_kills":40,"minecraft:interact_with_crafting_table":24,"minecraft:open_barrel":3,"minecraft:leave_game":1,"minecraft:time_since_death":5524,"minecraft:climb_one_cm":90,"minecraft:time_since_rest":5566,"minecraft:sprint_one_cm":107530,"minecraft:damage_taken":2395,"minecraft:walk_one_cm":308757,"minecraft:trigger_trapped_chest":5,"minecraft:drop":9,"minecraft:damage_dealt":6743,"minecraft:swim_one_cm":95564,"minecraft:fly_one_cm":125075,"minecraft:open_chest":48,"minecraft:crouch_one_cm":36308,"minecraft:play_time":146864,"minecraft:deaths":11,"minecraft:sneak_time":11118,"minecraft:walk_under_water_one_cm":58089,"minecraft:jump":1275,"minecraft:walk_on_water_one_cm":90895,"minecraft:total_world_time":146864,"minecraft:fall_one_cm":25402},"minecraft:broken":{"minecraft:stone_pickaxe":2,"minecraft:stone_axe":1,"minecraft:stone_sword":1,"minecraft:stone_shovel":1}},"DataVersion":3465}