{"stats":{"minecraft:killed":{"minecraft:spider":5,"minecraft:skeleton":3,"artifacts:mimic":1,"minecraft:pig":8,"minecraft:salmon":5,"minecraft:creeper":2,"minecraft:sheep":7,"minecraft:trader_llama":2,"minecraft:zombie":21,"minecraft:cow":4,"promenade:duck":7,"minecraft:horse":1,"adventurez:deer":2,"mutantmonsters:mutant_zombie":1},"minecraft:crafted":{"minecraft:brick":256,"modern_industrialization:bronze_gear":18,"minecraft:oak_planks":1080,"travelersbackpack:iron":3,"modern_industrialization:forge_hammer":2,"travelersbackpack:crafting_upgrade":1,"modern_industrialization:bronze_furnace":1,"modern_industrialization:steel_macerator":1,"modern_industrialization:copper_rotor":14,"minecraft:heavy_weighted_pressure_plate":6,"modern_industrialization:tin_dust":109,"modern_industrialization:steel_furnace":1,"modern_industrialization:steel_upgrade":2,"modern_industrialization:bronze_rotor":1,"minecraft:glass":71,"minecraft:hopper":7,"modern_industrialization:bronze_plate":153,"modern_industrialization:copper_blade":56,"minecraft:bow":2,"minecraft:iron_boots":1,"modern_industrialization:uncooked_steel_dust":405,"minecraft:raw_copper":306,"modern_industrialization:invar_dust":39,"modern_industrialization:invar_bolt":4,"modern_industrialization:bronze_fluid_input_hatch":3,"minecraft:chest":22,"modern_industrialization:bronze_machine_casing":16,"modern_industrialization:copper_dust":437,"modern_industrialization:invar_ingot":39,"modern_industrialization:steel_large_plate":9,"minecraft:bricks":34,"modern_industrialization:copper_plate":13,"modern_industrialization:bronze_curved_plate":6,"modern_industrialization:bronze_ingot":520,"modern_industrialization:bronze_boiler":2,"minecraft:oak_slab":36,"minecraft:wooden_shovel":23,"travelersbackpack:iron_tier_upgrade":1,"minecraft:emerald":57,"modern_industrialization:fire_clay_brick":219,"minecraft:crafting_table":2,"minecraft:iron_helmet":1,"minecraft:wooden_pickaxe":2,"travelersbackpack:standard":1,"modern_industrialization:bronze_fluid_output_hatch":1,"modern_industrialization:invar_rod":4,"minecraft:smithing_table":1,"minecraft:copper_ingot":248,"modern_industrialization:bronze_tank":7,"modern_industrialization:iron_hammer":6,"minecraft:fletching_table":1,"modern_industrialization:copper_curved_plate":1,"modern_industrialization:coke_oven":1,"minecraft:birch_planks":72,"minecraft:campfire":1,"modern_industrialization:lignite_coal_block":35,"modern_industrialization:bronze_water_pump":1,"modern_industrialization:iron_dust":450,"modern_industrialization:bronze_cutting_machine":1,"minecraft:iron_chestplate":1,"minecraft:wooden_hoe":2,"minecraft:charcoal":9,"minecraft:shield":3,"minecraft:stick":1976,"modern_industrialization:invar_ring":2,"minecraft:iron_ingot":546,"minecraft:iron_pickaxe":3,"minecraft:iron_block":5,"minecraft:stone_sword":1,"modern_industrialization:invar_gear":1,"minecraft:gold_ingot":9,"bewitchment:elder_planks":20,"modern_industrialization:steel_hammer":1,"modern_industrialization:raw_nickel":27,"modern_industrialization:coke_dust":193,"minecraft:polished_andesite":64,"modern_industrialization:bronze_macerator":2,"minecraft:wooden_sword":3,"minecraft:raw_iron":210,"modern_industrialization:fire_clay_bricks":51,"modern_industrialization:lignite_coal":315,"modern_industrialization:copper_gear":16,"modern_industrialization:invar_rotary_blade":1,"modern_industrialization:steel_plate":185,"minecraft:furnace":13,"modern_industrialization:coke":195,"minecraft:bone_meal":3,"travelersbackpack:blank_upgrade":4,"minecraft:raw_copper_block":32,"minecraft:glass_pane":16,"modern_industrialization:fire_clay_dust":219,"ironchests:blank_chest_upgrade":3,"modern_industrialization:brick_dust":76,"travelersbackpack:white_sleeping_bag":1,"modern_industrialization:fluid_pipe":48,"modern_industrialization:bronze_blade":4,"modern_industrialization:bronze_mixer":2,"minecraft:stone_pickaxe":4,"modern_industrialization:nickel_dust":39,"modern_industrialization:bronze_item_output_hatch":3,"modern_industrialization:wrench":1,"minecraft:clay_ball":464,"modern_industrialization:diamond_dust":4,"modern_industrialization:invar_plate":8,"modern_industrialization:steel_ingot":251,"modern_industrialization:iron_large_plate":32,"modern_industrialization:steam_blast_furnace":1,"minecraft:red_dye":2,"modern_industrialization:bronze_compressor":1,"ironchests:copper_chest_upgrade":3,"minecraft:crossbow":5,"modern_industrialization:steam_mining_drill":1,"modern_industrialization:steel_machine_casing":8,"modern_industrialization:red_fluid_pipe":2,"modern_industrialization:steel_gear":20,"travelersbackpack:backpack_tank":4,"modern_industrialization:bronze_item_input_hatch":2,"minecraft:bucket":2,"modern_industrialization:copper_drill_head":1,"minecraft:stone_axe":1,"modern_industrialization:bronze_dust":520,"minecraft:bread":131,"minecraft:air":0,"minecraft:jungle_planks":84,"modern_industrialization:steel_compressor":1,"minecraft:jungle_door":3,"minecraft:flint":10,"modern_industrialization:steam_quarry":1,"minecraft:wooden_axe":7,"minecraft:iron_leggings":1,"modern_industrialization:item_pipe":16,"minecraft:torch":388,"minecraft:clay":6},"minecraft:picked_up":{"minecraft:wooden_axe":1,"minecraft:wheat":495,"minecraft:anvil":2,"minecraft:stone_slab":2,"minecraft:lead":2,"modern_industrialization:bauxite_ore":1,"minecraft:string":10,"minecraft:raw_copper":545,"minecraft:cooked_salmon":7,"minecraft:pufferfish":5,"minecraft:gold_nugget":14,"minecraft:cobbled_deepslate":40,"twigs:pebble":30,"modern_industrialization:raw_uranium":15,"minecraft:calcite":62,"minecraft:deepslate_iron_ore":47,"minecraft:furnace":3,"minecraft:stick":20,"minecraft:composter":1,"minecraft:oak_fence":2,"modern_industrialization:tin_ore":5,"minecraft:torch":44,"bewitchment:belladonna":4,"minecraft:porkchop":3,"modern_industrialization:coke":2,"modern_industrialization:bronze_item_output_hatch":2,"travelersbackpack:iron":6,"mutantmonsters:hulk_hammer":1,"minecraft:rotten_flesh":20,"modern_industrialization:fluid_pipe":11,"supplementaries:antique_ink":4,"bewitchment:deepslate_silver_ore":11,"supplementaries:ash":54,"minecraft:obsidian":4,"twigs:tangerine_seashell":1,"minecraft:cod":46,"modern_industrialization:raw_tin":101,"minecraft:cobblestone":767,"modern_industrialization:bronze_item_input_hatch":1,"minecraft:birch_log":18,"minecraft:magma_block":1,"minecraft:feather":16,"minecraft:cooked_beef":8,"minecraft:andesite":284,"minecraft:jungle_log":241,"minecraft:potato":66,"minecraft:flint":3,"supplementaries:flax_seeds":2,"minecraft:lapis_lazuli":47,"minecraft:dirt":290,"modern_industrialization:deepslate_uranium_ore":8,"promenade:cooked_duck":2,"minecraft:bone":58,"minecraft:bow":1,"minecraft:wheat_seeds":1156,"minecraft:raw_gold":18,"twigs:schist":2,"modern_industrialization:bauxite_dust":49,"modern_industrialization:red_fluid_pipe":1,"twigs:twig":136,"minecraft:oak_planks":10,"modern_industrialization:copper_dust":6,"minecraft:cooked_porkchop":28,"patchouli:guide_book":2,"promenade:duck":6,"minecraft:sand":78,"modern_industrialization:deepslate_antimony_ore":1,"minecraft:grass_block":19,"minecraft:mossy_cobblestone":2,"spectrum:clover":4,"minecraft:polished_andesite":3,"minecraft:clay":113,"minecraft:diamond":15,"minecraft:deepslate":6,"minecraft:deepslate_gold_ore":47,"minecraft:bone_meal":26,"soulsweapons:verglas":6,"minecraft:emerald":100,"modern_industrialization:salt_dust":22,"minecraft:oak_sapling":144,"twigs:rhyolite":5,"spectrum:large_topaz_bud":1,"minecraft:bricks":10,"minecraft:oak_leaves":3,"minecraft:fishing_rod":1,"minecraft:charcoal":1,"modern_industrialization:lignite_coal":633,"minecraft:crafting_table":1,"minecraft:azure_bluet":12,"modern_industrialization:iron_hammer":2,"minecraft:clay_ball":8,"modern_industrialization:deepslate_lead_ore":12,"promenade:blunite":91,"immersive_armors:warrior_boots":1,"minecraft:cornflower":1,"bewitchment:elder_log":5,"minecraft:wooden_sword":1,"minecraft:blackstone":383,"minecraft:deepslate_diamond_ore":15,"minecraft:beef":5,"modern_industrialization:antimony_ore":5,"spectrum:topaz_block":239,"modern_industrialization:guidebook":7,"minecraft:jungle_sapling":27,"minecraft:iron_nugget":30,"minecraft:poppy":7,"minecraft:lectern":2,"minecraft:sugar_cane":31,"minecraft:chest":10,"minecraft:birch_sapling":2,"minecraft:copper_ore":3,"minecraft:raw_iron":109,"minecraft:stone":53,"promenade:asphalt":2,"minecraft:bowl":2,"artifacts:vampiric_glove":1,"modern_industrialization:bronze_fluid_input_hatch":1,"modern_industrialization:bronze_boiler":1,"minecraft:carrot":4,"minecraft:redstone":60,"spectrum:small_topaz_bud":1,"modern_industrialization:bronze_cutting_machine":1,"bewitchment:garlic":2,"minecraft:arrow":18,"minecraft:peony":1,"minecraft:white_wool":10,"modern_industrialization:raw_antimony":42,"minecraft:glow_ink_sac":2,"minecraft:salmon":21,"minecraft:leather":12,"artifacts:anglers_hat":1,"minecraft:birch_planks":11,"supplementaries:urn":1,"modern_industrialization:iron_dust":110,"modern_industrialization:nickel_ore":9,"minecraft:oak_log":291,"minecraft:gunpowder":4,"mca:book_romance":2,"bewitchment:aconite_seeds":5,"minecraft:wooden_hoe":1,"minecraft:cooked_mutton":18,"minecraft:apple":18,"bewitchment:mandrake_seeds":5,"minecraft:iron_ingot":26,"minecraft:stone_pickaxe":1,"minecraft:iron_ore":128,"modern_industrialization:steam_blast_furnace":1,"minecraft:oak_slab":6,"modern_industrialization:bronze_mixer":4,"minecraft:smooth_basalt":16,"modern_industrialization:coke_dust":10,"modern_industrialization:raw_tungsten":5,"minecraft:dandelion":8,"minecraft:gravel":48,"bewitchment:belladonna_seeds":13,"bewitchment:salt":167,"modern_industrialization:fire_clay_bricks":1,"minecraft:blast_furnace":3,"modern_industrialization:bronze_macerator":4,"minecraft:gold_ore":16,"minecraft:spider_eye":2,"modern_industrialization:lignite_coal_ore":34,"modern_industrialization:raw_nickel":53,"adventurez:cooked_venison":5,"modern_industrialization:coke_oven":1,"bewitchment:raw_silver":2,"minecraft:redstone_ore":6,"modern_industrialization:deepslate_bauxite_ore":1,"minecraft:deepslate_redstone_ore":1,"minecraft:diamond_axe":2,"minecraft:gray_wool":4,"minecraft:baked_potato":3,"modern_industrialization:raw_lead":171,"modern_industrialization:bronze_compressor":2,"minecraft:coal":386,"minecraft:hopper":1},"minecraft:mined":{"minecraft:oak_sapling":6,"modern_industrialization:bronze_mixer":4,"minecraft:grass_block":189,"modern_industrialization:deepslate_lead_ore":17,"minecraft:jungle_log":5,"spectrum:small_topaz_bud":1,"twigs:twig":1,"modern_industrialization:lignite_coal_ore":565,"travelersbackpack:iron":6,"minecraft:composter":2,"minecraft:hopper":1,"minecraft:magma_block":2,"modern_industrialization:tungsten_ore":1,"minecraft:iron_ore":216,"minecraft:fire":9,"minecraft:anvil":2,"minecraft:azure_bluet":12,"supplementaries:stick":1,"minecraft:dirt_path":1,"modern_industrialization:deepslate_bauxite_ore":28,"minecraft:deepslate_redstone_ore":10,"modern_industrialization:deepslate_tungsten_ore":4,"minecraft:blackstone":676,"modern_industrialization:pipe":2,"modern_industrialization:deepslate_tin_ore":9,"minecraft:clay":115,"minecraft:torch":14,"spectrum:shimmerstone_ore":4,"minecraft:blast_furnace":3,"minecraft:calcite":65,"minecraft:poppy":4,"minecraft:chest":10,"minecraft:cobblestone":47,"minecraft:oak_planks":6,"minecraft:sugar_cane":17,"bewitchment:belladonna":2,"minecraft:bricks":10,"minecraft:wall_torch":4,"minecraft:amethyst_block":3,"minecraft:deepslate_copper_ore":3,"modern_industrialization:deepslate_lignite_coal_ore":131,"modern_industrialization:deepslate_uranium_ore":21,"minecraft:wheat":396,"minecraft:grass":132,"modern_industrialization:bronze_item_output_hatch":2,"minecraft:oak_log":12,"twigs:schist":2,"minecraft:dirt":72,"modern_industrialization:salt_ore":18,"minecraft:sand":79,"modern_industrialization:deepslate_salt_ore":4,"minecraft:smooth_basalt":16,"modern_industrialization:steam_blast_furnace":1,"twigs:rhyolite":6,"spectrum:clover":4,"promenade:asphalt":2,"minecraft:oak_leaves":6,"minecraft:deepslate":47,"soulsweapons:verglas_ore":5,"modern_industrialization:bronze_macerator":4,"spectrum:large_topaz_bud":1,"minecraft:tuff":3,"modern_industrialization:fire_clay_bricks":1,"minecraft:mossy_cobblestone":2,"minecraft:deepslate_diamond_ore":25,"modern_industrialization:bronze_boiler":1,"spectrum:budding_topaz":12,"modern_industrialization:deepslate_antimony_ore":4,"modern_industrialization:bauxite_ore":23,"minecraft:glow_lichen":2,"modern_industrialization:uranium_ore":2,"bewitchment:silver_ore":1,"spectrum:topaz_block":239,"travelersbackpack:white_sleeping_bag":1,"modern_industrialization:coke_oven":1,"bewitchment:deepslate_silver_ore":12,"minecraft:large_fern":3,"minecraft:redstone_ore":10,"minecraft:furnace":3,"minecraft:jungle_sapling":5,"minecraft:andesite":285,"treechop:chopped_log":40,"minecraft:peony":2,"modern_industrialization:bronze_compressor":2,"minecraft:potatoes":8,"minecraft:deepslate_iron_ore":74,"minecraft:vine":2,"bewitchment:salt_ore":106,"modern_industrialization:deepslate_nickel_ore":2,"modern_industrialization:tin_ore":101,"minecraft:stone":763,"minecraft:white_wool":1,"minecraft:oak_slab":5,"minecraft:glass_pane":2,"promenade:blunite":39,"modern_industrialization:bronze_item_input_hatch":1,"minecraft:dandelion":8,"minecraft:oak_fence":2,"minecraft:crafting_table":1,"minecraft:cornflower":1,"modern_industrialization:lead_ore":168,"minecraft:lectern":2,"modern_industrialization:nickel_ore":60,"minecraft:stone_slab":3,"minecraft:copper_ore":142,"minecraft:tall_grass":28,"minecraft:lapis_ore":6,"minecraft:deepslate_gold_ore":55,"supplementaries:urn":38,"minecraft:birch_planks":1,"bewitchment:elder_leaves":2,"twigs:tangerine_seashell":1,"modern_industrialization:antimony_ore":44,"minecraft:coal_ore":332,"modern_industrialization:bronze_cutting_machine":1,"minecraft:gravel":40,"minecraft:polished_andesite":3,"minecraft:gold_ore":24,"minecraft:fern":13,"modern_industrialization:bronze_fluid_input_hatch":1},"minecraft:killed_by":{"mutantmonsters:mutant_zombie":3,"minecraft:creeper":2,"artifacts:mimic":2,"minecraft:zombie":11,"mythicmounts:dragon":1,"minecraft:enderman":2,"minecraft:skeleton":11},"minecraft:used":{"modern_industrialization:steel_compressor":1,"minecraft:iron_shovel":25,"minecraft:chest":23,"minecraft:shield":44,"travelersbackpack:iron":40,"minecraft:azure_bluet":11,"minecraft:jungle_sapling":25,"modern_industrialization:bronze_fluid_output_hatch":1,"minecraft:bricks":30,"modern_industrialization:forge_hammer":1,"minecraft:grass_block":1,"minecraft:birch_sapling":2,"minecraft:copper_ore":3,"modern_industrialization:steam_blast_furnace":2,"modern_industrialization:bronze_furnace":1,"minecraft:deepslate_diamond_ore":1,"minecraft:oak_sapling":122,"mutantmonsters:hulk_hammer":69,"minecraft:furnace":9,"minecraft:potato":9,"modern_industrialization:steel_furnace":1,"modern_industrialization:bronze_compressor":2,"adventurez:cooked_venison":2,"minecraft:stone_pickaxe":497,"minecraft:oak_planks":8,"minecraft:blackstone":63,"minecraft:wooden_pickaxe":103,"minecraft:clay":3,"modern_industrialization:steel_macerator":1,"minecraft:composter":1,"minecraft:sugar_cane":31,"minecraft:white_wool":2,"minecraft:blast_furnace":2,"modern_industrialization:bronze_boiler":3,"promenade:cooked_duck":2,"modern_industrialization:steel_machine_casing":5,"modern_industrialization:steam_mining_drill":3489,"minecraft:bread":97,"minecraft:lectern":2,"modern_industrialization:deepslate_bauxite_ore":1,"minecraft:deepslate":3,"minecraft:gravel":1,"modern_industrialization:steam_quarry":1,"minecraft:wooden_sword":161,"minecraft:smithing_table":1,"minecraft:andesite":75,"minecraft:oak_fence":2,"minecraft:bone_meal":19,"modern_industrialization:bronze_fluid_input_hatch":4,"minecraft:stone_sword":50,"minecraft:wooden_shovel":200,"minecraft:cooked_salmon":1,"modern_industrialization:tin_ore":5,"promenade:asphalt":1,"minecraft:stick":1,"minecraft:torch":432,"modern_industrialization:red_fluid_pipe":3,"minecraft:dirt":123,"minecraft:anvil":2,"minecraft:hopper":3,"minecraft:wooden_axe":334,"modern_industrialization:antimony_ore":3,"minecraft:jungle_log":50,"spectrum:guidebook":2,"modern_industrialization:bronze_item_input_hatch":3,"twigs:tangerine_seashell":1,"minecraft:smooth_basalt":3,"modern_industrialization:coke_oven":2,"minecraft:cobbled_deepslate":17,"spectrum:small_topaz_bud":1,"minecraft:wheat_seeds":1017,"minecraft:cooked_mutton":2,"minecraft:water_bucket":23,"minecraft:birch_planks":1,"minecraft:polished_andesite":11,"minecraft:fletching_table":1,"supplementaries:urn":1,"minecraft:crafting_table":2,"minecraft:oak_slab":27,"minecraft:campfire":1,"modern_industrialization:bronze_mixer":6,"modern_industrialization:fluid_pipe":47,"minecraft:wooden_hoe":72,"minecraft:oak_log":9,"bewitchment:belladonna_seeds":4,"ironchests:copper_chest_upgrade":3,"minecraft:iron_pickaxe":642,"minecraft:stone_slab":1,"modern_industrialization:bronze_macerator":5,"modern_industrialization:bronze_cutting_machine":2,"modern_industrialization:bronze_item_output_hatch":5,"modern_industrialization:bronze_water_pump":1,"modern_industrialization:lignite_coal_ore":30,"minecraft:fishing_rod":37,"minecraft:cobblestone":374,"modern_industrialization:fire_clay_bricks":30,"minecraft:jungle_door":2,"minecraft:cooked_porkchop":2,"minecraft:bucket":25,"minecraft:glass_pane":5},"minecraft:dropped":{"minecraft:birch_planks":5,"minecraft:diamond":2,"minecraft:crossbow":5,"minecraft:leather":7,"spectrum:clover":2,"minecraft:cod":14,"minecraft:emerald":45,"bewitchment:aconite_seeds":4,"twigs:pebble":7,"bewitchment:raw_silver":1,"bewitchment:deepslate_silver_ore":1,"bewitchment:belladonna_seeds":4,"twigs:twig":1,"minecraft:gravel":2,"minecraft:blackstone":64,"minecraft:wheat":46,"minecraft:obsidian":2,"minecraft:rotten_flesh":4,"minecraft:azure_bluet":1,"minecraft:salmon":4,"patchouli:guide_book":1,"bewitchment:belladonna":1,"minecraft:poppy":2,"promenade:blunite":25,"minecraft:arrow":6,"minecraft:oak_leaves":3,"minecraft:iron_ingot":15,"minecraft:wheat_seeds":28,"minecraft:cobblestone":33,"modern_industrialization:guidebook":6,"minecraft:pufferfish":1,"minecraft:jungle_door":1,"minecraft:raw_copper":84,"minecraft:raw_iron":3,"minecraft:potato":57,"bewitchment:mandrake_seeds":2,"minecraft:oak_sapling":1,"minecraft:wooden_shovel":20,"minecraft:spider_eye":1,"minecraft:bow":3,"minecraft:wooden_pickaxe":1},"minecraft:custom":{"lootr:looted_stat":8,"dimdoors:times_sent_to_limbo":1,"minecraft:interact_with_crafting_table":225,"dimdoors:times_been_to_dungeon":1,"minecraft:leave_game":84,"minecraft:time_since_death":87802,"minecraft:sprint_one_cm":1427428,"minecraft:damage_blocked_by_shield":2310,"minecraft:drop":195,"minecraft:talked_to_villager":1,"minecraft:play_time":1057797,"minecraft:deaths":34,"minecraft:jump":9305,"minecraft:walk_on_water_one_cm":38576,"minecraft:interact_with_furnace":223,"minecraft:traded_with_villager":65,"minecraft:sleep_in_bed":61,"minecraft:damage_dealt":13792,"minecraft:crouch_one_cm":151285,"minecraft:interact_with_smithing_table":3,"minecraft:mob_kills":81,"minecraft:inspect_hopper":6,"minecraft:interact_with_campfire":23,"minecraft:climb_one_cm":602,"minecraft:walk_one_cm":2506405,"minecraft:sneak_time":60037,"minecraft:walk_under_water_one_cm":42085,"dimdoors:deaths_in_pocket":1,"minecraft:total_world_time":1057797,"minecraft:time_since_rest":6130,"minecraft:damage_taken":6914,"minecraft:swim_one_cm":30426,"minecraft:fly_one_cm":1391260,"minecraft:open_chest":646,"dimdoors:times_teleported_by_monolith":1,"minecraft:fish_caught":26,"minecraft:fall_one_cm":179050},"minecraft:broken":{"minecraft:wooden_shovel":3,"minecraft:stone_pickaxe":3,"minecraft:wooden_sword":1,"minecraft:wooden_axe":4,"immersive_armors:warrior_boots":1,"minecraft:wooden_pickaxe":1,"minecraft:iron_pickaxe":2,"minecraft:wooden_hoe":1,"mutantmonsters:hulk_hammer":1}},"DataVersion":3465}