{"stats":{"minecraft:dropped":{"minecraft:allium":3},"minecraft:crafted":{"minecraft:sugar":14,"minecraft:emerald":5,"minecraft:dark_oak_boat":1,"minecraft:crafting_table":1,"minecraft:wooden_pickaxe":1,"minecraft:furnace":1,"minecraft:mangrove_planks":88,"minecraft:stone_axe":1,"minecraft:air":0,"minecraft:stick":184,"minecraft:iron_ingot":15,"minecraft:stone_pickaxe":1,"minecraft:dark_oak_planks":20},"minecraft:killed":{"luminousworld:hollow":2,"naturalist:lizard_tail":1,"undead_revamp2:the_moonflower":1,"born_in_chaos_v1:dread_hound_not_despawn":2,"born_in_chaos_v1:decrepit_skeleton":1,"minecraft:skeleton":1,"minecraft:zombie":2,"born_in_chaos_v1:corpse_fly":1,"naturalist:lizard":1,"iceandfire:deathworm":1,"luminousworld:dark_oak_zombie":2},"minecraft:mined":{"iceandfire:silver_ore":2,"minecraft:dark_oak_log":21,"minecraft:mangrove_roots":1,"minecraft:crafting_table":3,"minecraft:granite":1,"minecraft:grass_block":1,"minecraft:dead_bush":1,"minecraft:cobblestone":1,"minecraft:sugar_cane":18,"minecraft:furnace":1,"minecraft:iron_ore":16,"minecraft:mangrove_leaves":7,"minecraft:coal_ore":14,"minecraft:dirt":1,"minecraft:mangrove_log":23,"luminousworld:groundpebbles_2":1,"minecraft:stone":23,"minecraft:small_dripleaf":1},"minecraft:used":{"minecraft:moss_carpet":1,"minecraft:stone_pickaxe":44,"minecraft:wooden_pickaxe":15,"luminousworld:groundpebbles_1":1,"minecraft:iron_chestplate":1,"minecraft:dirt":2,"minecraft:crafting_table":3,"born_in_chaos_v1:corpse_maggot":1,"minecraft:bread":8,"minecraft:stone_axe":91,"minecraft:cobblestone":4,"minecraft:dark_oak_boat":1,"minecraft:mangrove_roots":1,"minecraft:furnace":1,"minecraft:iron_leggings":1},"minecraft:custom":{"minecraft:interact_with_furnace":2,"minecraft:mob_kills":16,"minecraft:traded_with_villager":5,"minecraft:interact_with_crafting_table":5,"minecraft:leave_game":3,"minecraft:time_since_death":57636,"minecraft:sleep_in_bed":1,"minecraft:climb_one_cm":4321,"minecraft:time_since_rest":10225,"minecraft:sprint_one_cm":91069,"minecraft:damage_taken":616,"minecraft:walk_one_cm":162933,"minecraft:drop":1,"minecraft:damage_dealt":2354,"minecraft:swim_one_cm":10753,"minecraft:talked_to_villager":8,"minecraft:fly_one_cm":36030,"minecraft:open_chest":12,"minecraft:crouch_one_cm":1598,"minecraft:play_time":80808,"tombstone:undead_killed":9,"minecraft:deaths":1,"minecraft:sneak_time":573,"minecraft:walk_under_water_one_cm":9699,"minecraft:boat_one_cm":30773,"minecraft:jump":518,"minecraft:walk_on_water_one_cm":13727,"minecraft:total_world_time":80808,"minecraft:fall_one_cm":9905},"minecraft:picked_up":{"born_in_chaos_v1:corpse_maggot":1,"luminousworld:groundpebbles_1":1,"minecraft:iron_chestplate":1,"minecraft:crafting_table":3,"minecraft:allium":3,"minecraft:dark_oak_boat":1,"minecraft:red_mushroom":2,"minecraft:gunpowder":2,"naturalist:lizard_tail":1,"minecraft:dirt":2,"minecraft:moss_carpet":1,"minecraft:iron_leggings":1,"minecraft:bone":4,"minecraft:moss_block":1,"minecraft:sugar_cane":14,"minecraft:flowering_azalea":1,"minecraft:mangrove_log":22,"minecraft:furnace":1,"minecraft:raw_iron":15,"minecraft:stick":2,"iceandfire:dragonbone":5,"minecraft:big_dripleaf":2,"tombstone:grave_dust":1,"minecraft:dark_oak_log":21,"minecraft:arrow":1,"minecraft:rotten_flesh":9,"minecraft:tropical_fish":1,"minecraft:granite":4,"minecraft:mangrove_roots":1,"minecraft:bread":30,"supplementaries:ash":3,"minecraft:oak_sapling":3,"minecraft:coal":26,"iceandfire:raw_silver":3,"minecraft:cobblestone":24}},"DataVersion":3465}