{"stats":{"minecraft:used":{"minecraft:bread":1,"minecraft:wooden_pickaxe":59,"minecraft:crafting_table":1,"minecraft:oak_sapling":3,"jeg:revolver":11,"alexsmobs:animal_dictionary":1,"minecraft:egg":1},"minecraft:picked_up":{"minecraft:oak_log":17,"minecraft:spruce_log":6,"minecraft:dirt":4,"minecraft:arrow":1,"minecraft:rotten_flesh":1,"minecraft:hay_block":11,"alexsmobs:moose_ribs":1,"minecraft:oak_sapling":3,"minecraft:cobblestone":59,"minecraft:egg":1},"minecraft:crafted":{"minecraft:crafting_table":1,"minecraft:spruce_planks":24,"minecraft:stick":4,"minecraft:wooden_pickaxe":1},"minecraft:killed_by":{"alexsmobs:moose":1,"minecraft:zombie":2},"minecraft:mined":{"minecraft:hay_block":11,"minecraft:spruce_log":6,"minecraft:grass_block":1,"minecraft:oak_log":17,"minecraft:dirt":3,"minecraft:spruce_leaves":5,"minecraft:stone":59,"minecraft:oak_leaves":3},"minecraft:killed":{"alexsmobs:moose":1},"minecraft:custom":{"minecraft:time_since_rest":9164,"minecraft:sprint_one_cm":25349,"minecraft:damage_taken":666,"minecraft:walk_one_cm":45319,"minecraft:mob_kills":1,"minecraft:damage_dealt":5,"minecraft:talked_to_villager":1,"minecraft:interact_with_crafting_table":1,"minecraft:fly_one_cm":119249,"minecraft:open_barrel":8,"minecraft:open_chest":3,"minecraft:crouch_one_cm":193,"minecraft:play_time":24198,"minecraft:deaths":4,"minecraft:sneak_time":710,"minecraft:walk_under_water_one_cm":1406,"minecraft:jump":180,"minecraft:time_since_death":9134,"minecraft:walk_on_water_one_cm":688,"minecraft:leave_game":3,"minecraft:total_world_time":25146,"minecraft:climb_one_cm":3511,"minecraft:fall_one_cm":8437},"minecraft:broken":{"minecraft:wooden_pickaxe":1}},"DataVersion":3465}