{"stats":{"minecraft:custom":{"minecraft:interact_with_crafting_table":25,"minecraft:open_barrel":9,"minecraft:leave_game":8,"minecraft:time_since_death":42818,"minecraft:sprint_one_cm":568371,"minecraft:drop":55,"minecraft:talked_to_villager":8,"minecraft:play_time":300108,"minecraft:deaths":2,"minecraft:jump":2510,"minecraft:interact_with_brewingstand":2,"minecraft:walk_on_water_one_cm":49761,"minecraft:interact_with_furnace":11,"minecraft:traded_with_villager":5,"minecraft:interact_with_loom":2,"minecraft:sleep_in_bed":4,"minecraft:damage_dealt":19400,"minecraft:crouch_one_cm":5630,"tombstone:undead_killed":43,"minecraft:inspect_dispenser":7,"minecraft:inspect_dropper":2,"minecraft:mob_kills":121,"minecraft:damage_dealt_resisted":42,"minecraft:climb_one_cm":14012,"minecraft:walk_one_cm":807614,"minecraft:sneak_time":2533,"minecraft:walk_under_water_one_cm":19958,"minecraft:boat_one_cm":220482,"minecraft:total_world_time":300108,"tombstone:raider_killed":15,"minecraft:time_since_rest":41871,"minecraft:damage_taken":4412,"minecraft:damage_absorbed":11,"minecraft:swim_one_cm":23947,"minecraft:fly_one_cm":291756,"minecraft:open_chest":88,"minecraft:fall_one_cm":41946},"minecraft:crafted":{"minecraft:dark_oak_boat":1,"minecraft:glass":2,"minecraft:iron_boots":1,"minecraft:emerald":5,"minecraft:crafting_table":2,"minecraft:wooden_pickaxe":1,"minecraft:diamond_pickaxe":1,"minecraft:stick":208,"minecraft:iron_ingot":16,"minecraft:iron_pickaxe":4,"quark:jungle_chest":3,"minecraft:furnace":2,"minecraft:leather":6,"minecraft:iron_axe":1,"minecraft:iron_hoe":1,"minecraft:stone_pickaxe":1,"minecraft:dark_oak_planks":20,"minecraft:wheat":576,"minecraft:sugar":14,"minecraft:iron_sword":1,"sophisticatedbackpacks:gold_backpack":2,"minecraft:mangrove_planks":88,"minecraft:stone_axe":1,"minecraft:bread":192,"minecraft:air":0,"minecraft:jungle_planks":72,"minecraft:torch":60},"minecraft:mined":{"create:deepslate_zinc_ore":23,"minecraft:cobblestone_stairs":2,"minecraft:jungle_leaves":3,"minecraft:obsidian":24,"minecraft:granite":1,"minecraft:grass_block":3,"minecraft:jungle_log":18,"iceandfire:lectern":1,"luminousworld:savanna_grass_2":6,"minecraft:iron_ore":92,"minecraft:cobbled_deepslate":5,"minecraft:fire":3,"minecraft:black_carpet":4,"minecraft:deepslate_lapis_ore":10,"minecraft:oak_stairs":2,"minecraft:tripwire":13,"minecraft:deepslate_redstone_ore":9,"minecraft:torch":2,"minecraft:blast_furnace":2,"minecraft:chest":2,"create:scoria":1,"minecraft:dead_bush":1,"minecraft:glass":2,"minecraft:cobblestone":4,"minecraft:sugar_cane":25,"minecraft:oak_planks":8,"placeablesmod:bread_full_block":10,"minecraft:wall_torch":3,"minecraft:grass":9,"minecraft:dirt":3,"minecraft:mangrove_log":23,"minecraft:tripwire_hook":1,"luminousworld:savannah_grass_4":3,"minecraft:oak_leaves":1,"minecraft:deepslate":25,"minecraft:emerald_block":2,"create:zinc_ore":70,"minecraft:red_carpet":1,"minecraft:tuff":8,"iceandfire:silver_ore":9,"minecraft:mossy_cobblestone":1,"minecraft:dark_oak_log":23,"minecraft:mangrove_roots":1,"born_in_chaos_v1:black_argillite":1,"quark:jungle_chest":2,"minecraft:hay_block":118,"minecraft:redstone_ore":4,"minecraft:furnace":1,"supplementaries:bamboo_spikes":7,"minecraft:andesite":3,"minecraft:bookshelf":31,"minecraft:deepslate_iron_ore":43,"minecraft:vine":4,"luminousworld:groundpebbles_2":1,"minecraft:stone":112,"minecraft:oak_slab":3,"minecraft:crafting_table":9,"luminousworld:savannah_grass_1":1,"minecraft:tall_grass":2,"minecraft:copper_ore":45,"minecraft:deepslate_gold_ore":7,"minecraft:diorite":10,"supplementaries:urn":22,"minecraft:mangrove_leaves":7,"minecraft:yellow_bed":5,"minecraft:coal_ore":66,"luminousworld:ishstone":9,"minecraft:gray_carpet":2,"minecraft:stone_bricks":3,"minecraft:small_dripleaf":1,"minecraft:chipped_anvil":1,"minecraft:fern":1},"minecraft:broken":{"minecraft:stone_axe":1,"minecraft:iron_sword":1},"minecraft:used":{"minecraft:moss_carpet":1,"minecraft:black_carpet":4,"minecraft:chest":2,"minecraft:iron_sword":279,"minecraft:iron_chestplate":2,"born_in_chaos_v1:corpse_maggot":1,"minecraft:glass":2,"minecraft:stone_bricks":2,"iceandfire:deathworm_red_boots":1,"minecraft:dark_oak_boat":6,"minecraft:mangrove_roots":1,"minecraft:furnace":2,"iceandfire:armor_red_helmet":1,"minecraft:gray_carpet":2,"minecraft:stone_pickaxe":47,"minecraft:oak_planks":1,"minecraft:wooden_pickaxe":15,"luminousworld:groundpebbles_1":1,"iceandfire:armor_red_chestplate":1,"minecraft:white_wool":2,"minecraft:blast_furnace":2,"minecraft:dark_oak_log":2,"born_in_chaos_v1:monster_flesh":1,"minecraft:bread":78,"tombstone:grave_key":1,"minecraft:experience_bottle":1,"quark:jungle_chest":5,"minecraft:torch":66,"minecraft:dirt":3,"minecraft:iron_hoe":121,"minecraft:iron_axe":136,"iceandfire:armor_bronze_leggings":1,"minecraft:iron_boots":1,"minecraft:totem_of_undying":1,"minecraft:golden_carrot":3,"minecraft:emerald_block":2,"tombstone:gift":5,"minecraft:cooked_beef":1,"minecraft:cobbled_deepslate":8,"minecraft:iron_leggings":1,"minecraft:cobblestone_stairs":2,"minecraft:crafting_table":12,"minecraft:spruce_log":1,"minecraft:diamond_pickaxe":28,"minecraft:iron_pickaxe":508,"minecraft:stone_axe":93,"minecraft:green_carpet":1,"minecraft:cobblestone":4,"minecraft:potion":1,"minecraft:yellow_bed":5},"minecraft:killed":{"illagerinvasion:archivist":1,"minecraft:cave_spider":2,"minecraft:witch":1,"born_in_chaos_v1:restless_spirit":1,"illagerinvasion:basher":2,"minecraft:skeleton":7,"alexsmobs:leafcutter_ant":4,"illagerinvasion:provoker":1,"undead_revamp2:thespitter":1,"illagerinvasion:necromancer":1,"iceandfire:myrmex_worker":4,"luminousworld:hollow":5,"born_in_chaos_v1:diamond_termite":1,"born_in_chaos_v1:dread_hound_not_despawn":2,"illagerinvasion:alchemist":1,"minecraft:sheep":4,"luminousworld:savannah_skeleton":4,"minecraft:zombie":11,"born_in_chaos_v1:corpse_fly":6,"enemyexpansion:botfly":2,"undead_revamp2:theskeeper":1,"luminousworld:dark_oak_zombie":2,"minecraft:cow":3,"minecraft:evoker":2,"undead_revamp2:thegliter":3,"minecraft:vindicator":5,"illagerinvasion:marauder":1,"enemyexpansion:direwolf":1,"born_in_chaos_v1:maggot":6,"iceandfire:deathworm":1,"luminousworld:savannah_zombie":1,"born_in_chaos_v1:spirit_guide":1,"born_in_chaos_v1:baby_skeleton":1,"naturalist:lizard_tail":1,"undead_revamp2:the_moonflower":5,"born_in_chaos_v1:decrepit_skeleton":1,"undead_revamp2:thesomnolence":10,"naturalist:lizard":1},"minecraft:killed_by":{"enemyexpansion:trollenraged":1},"minecraft:picked_up":{"minecraft:black_carpet":4,"minecraft:iron_chestplate":2,"minecraft:wheat":2,"minecraft:lead":2,"minecraft:oak_stairs":2,"iceandfire:myrmex_jungle_chitin":6,"born_in_chaos_v1:black_argillite":1,"minecraft:string":26,"minecraft:raw_copper":150,"minecraft:iron_leggings":1,"minecraft:experience_bottle":1,"minecraft:cobbled_deepslate":34,"minecraft:iron_boots":1,"minecraft:mangrove_log":22,"minecraft:furnace":1,"minecraft:stick":6,"minecraft:big_dripleaf":2,"minecraft:torch":29,"tombstone:grave_dust":3,"minecraft:diorite":10,"quark:clear_shard":8,"minecraft:rotten_flesh":48,"minecraft:tropical_fish":1,"create:scoria":1,"minecraft:vex_armor_trim_smithing_template":2,"minecraft:mangrove_roots":1,"supplementaries:ash":61,"minecraft:obsidian":24,"undead_revamp2:arapholia":1,"minecraft:cobblestone":117,"luminousworld:savannah_ground":14,"minecraft:cooked_beef":6,"minecraft:andesite":3,"minecraft:jungle_log":18,"minecraft:dark_oak_boat":6,"iceandfire:armor_red_chestplate":1,"minecraft:tuff":8,"create:raw_zinc":93,"supplementaries:flax_seeds":3,"naturalist:lizard_tail":1,"minecraft:lapis_lazuli":61,"minecraft:dirt":6,"minecraft:lantern":1,"minecraft:name_tag":2,"born_in_chaos_v1:monster_skin":2,"supplementaries:cartographers_quill":1,"minecraft:bone":31,"minecraft:chipped_anvil":1,"iceandfire:myrmex_jungle_resin":2,"undead_revamp2:blacpetalblock":1,"minecraft:wheat_seeds":1,"minecraft:raw_gold":7,"artifacts:antidote_vessel":1,"minecraft:diamond_helmet":1,"minecraft:moss_block":1,"minecraft:oak_planks":8,"minecraft:music_disc_13":2,"iceandfire:dragon_skull_fire":1,"sophisticatedbackpacks:iron_backpack":1,"minecraft:dark_oak_log":23,"minecraft:mossy_cobblestone":1,"minecraft:bundle":1,"minecraft:iron_hoe":1,"supplementaries:bamboo_spikes":7,"iceandfire:lectern":1,"minecraft:granite":4,"minecraft:golden_apple":1,"minecraft:bread":47,"minecraft:emerald":11,"minecraft:oak_sapling":4,"iceandfire:raw_silver":10,"minecraft:diamond_pickaxe":1,"minecraft:crafting_table":10,"luminousworld:groundpebbles_1":1,"born_in_chaos_v1:diamond_termite_shard":1,"minecraft:allium":3,"iceandfire:fire_lily":1,"minecraft:moss_carpet":1,"minecraft:iron_axe":2,"minecraft:item_frame":3,"iceandfire:armor_red_helmet":1,"born_in_chaos_v1:gnawed_bones":1,"minecraft:iron_nugget":49,"minecraft:sugar_cane":24,"minecraft:chest":2,"minecraft:raw_iron":134,"iceandfire:dragonbone":25,"quark:jungle_chest":2,"minecraft:redstone":59,"minecraft:arrow":11,"minecraft:hay_block":118,"iceandfire:deathworm_red_boots":1,"minecraft:totem_of_undying":3,"minecraft:gold_ingot":1,"minecraft:glow_berries":2,"minecraft:skeleton_skull":1,"minecraft:white_wool":4,"born_in_chaos_v1:corpse_maggot":13,"born_in_chaos_v1:monster_flesh":2,"luminousworld:ishstone":9,"minecraft:leather":1,"minecraft:red_mushroom":2,"iceandfire:armor_bronze_leggings":1,"minecraft:yellow_bed":5,"minecraft:gunpowder":51,"minecraft:cobblestone_stairs":2,"tombstone:voodoo_poppet":1,"minecraft:paper":2,"minecraft:cooked_mutton":5,"minecraft:red_carpet":5,"minecraft:stone_bricks":3,"minecraft:gray_carpet":2,"minecraft:iron_ingot":1,"minecraft:glass_bottle":2,"minecraft:flowering_azalea":1,"minecraft:iron_sword":2,"minecraft:book":91,"minecraft:oak_slab":3,"minecraft:emerald_block":2,"born_in_chaos_v1:ethereal_spirit":4,"minecraft:blast_furnace":2,"minecraft:spruce_log":1,"minecraft:green_carpet":1,"minecraft:iron_helmet":1,"minecraft:coal":92,"minecraft:ender_pearl":3},"minecraft:dropped":{"naturalist:lizard_tail":1,"minecraft:cooked_beef":5,"minecraft:lantern":1,"minecraft:leather":7,"minecraft:item_frame":2,"minecraft:music_disc_13":1,"sophisticatedbackpacks:gold_backpack":1,"born_in_chaos_v1:monster_flesh":1,"iceandfire:myrmex_jungle_chitin":3,"minecraft:bone":1,"minecraft:wheat":1,"undead_revamp2:arapholia":1,"iceandfire:fire_lily":1,"supplementaries:ash":1,"minecraft:gunpowder":20,"minecraft:iron_ingot":1,"minecraft:bread":42,"minecraft:lead":1,"born_in_chaos_v1:gnawed_bones":1,"luminousworld:savannah_ground":14,"minecraft:iron_leggings":1,"minecraft:iron_axe":1,"minecraft:iron_boots":1,"minecraft:name_tag":1,"iceandfire:myrmex_jungle_resin":1,"minecraft:totem_of_undying":1,"minecraft:filled_map":1,"minecraft:allium":3,"minecraft:iron_chestplate":3,"minecraft:diamond_pickaxe":1,"minecraft:oak_sapling":3,"minecraft:vex_armor_trim_smithing_template":1}},"DataVersion":3465}