{"stats":{"minecraft:dropped":{"jeg:revolver":1,"firstaid:bandage":16,"minecraft:pointed_dripstone":1,"jeg:pistol_ammo":64},"minecraft:used":{"minecraft:stone_sword":60,"minecraft:stone_pickaxe":8,"minecraft:wooden_pickaxe":16,"minecraft:cobblestone":1,"minecraft:crafting_table":1,"minecraft:oak_sapling":5,"jeg:revolver":11},"minecraft:picked_up":{"minecraft:stick":4,"minecraft:crafting_table":1,"minecraft:chicken":2,"minecraft:oak_log":10,"minecraft:pointed_dripstone":1,"alexsmobs:animal_dictionary":1,"minecraft:polished_granite":1,"minecraft:bone":1,"minecraft:rotten_flesh":3,"minecraft:apple":1,"minecraft:oak_sapling":5,"minecraft:coal":3,"minecraft:cobblestone":19},"minecraft:crafted":{"minecraft:oak_planks":40,"minecraft:crafting_table":1,"minecraft:stick":4,"minecraft:wooden_pickaxe":1,"minecraft:stone_pickaxe":1,"minecraft:stone_sword":1},"minecraft:killed_by":{"minecraft:zombie":4},"minecraft:mined":{"minecraft:fire":3,"minecraft:crafting_table":1,"minecraft:oak_log":10,"minecraft:coal_ore":3,"minecraft:cobblestone":7,"minecraft:stone":13,"minecraft:oak_leaves":3,"minecraft:spawner":1},"minecraft:killed":{"minecraft:zombie":2,"minecraft:chicken":2,"minecraft:drowned":2},"minecraft:custom":{"minecraft:time_since_rest":565,"minecraft:sprint_one_cm":42668,"minecraft:damage_taken":1125,"minecraft:walk_one_cm":71074,"minecraft:trigger_trapped_chest":5,"minecraft:mob_kills":6,"minecraft:drop":4,"minecraft:damage_dealt":979,"minecraft:interact_with_crafting_table":2,"minecraft:swim_one_cm":4046,"minecraft:fly_one_cm":24175,"minecraft:open_barrel":3,"minecraft:open_chest":7,"minecraft:crouch_one_cm":2049,"minecraft:play_time":27071,"minecraft:deaths":4,"minecraft:sneak_time":948,"minecraft:walk_under_water_one_cm":8092,"minecraft:jump":257,"minecraft:time_since_death":523,"minecraft:walk_on_water_one_cm":67058,"minecraft:total_world_time":27071,"minecraft:climb_one_cm":90,"minecraft:fall_one_cm":3225}},"DataVersion":3465}