{"stats":{"minecraft:dropped":{"jeg:revolver":1,"firstaid:bandage":16,"alexsmobs:animal_dictionary":1,"minecraft:pointed_dripstone":1,"minecraft:iron_bars":1,"minecraft:polished_granite":1,"jeg:pistol_ammo":64},"minecraft:used":{"minecraft:stone_sword":82,"minecraft:oak_planks":24,"minecraft:stone_shovel":131,"minecraft:stone_pickaxe":25,"minecraft:chest":2,"minecraft:wooden_pickaxe":16,"minecraft:torch":3,"minecraft:sand":121,"minecraft:cobblestone":19,"minecraft:crafting_table":3,"minecraft:oak_sapling":5,"jeg:revolver":11,"minecraft:white_bed":1},"minecraft:picked_up":{"minecraft:raw_iron":4,"minecraft:stick":4,"minecraft:crafting_table":1,"minecraft:chicken":2,"minecraft:torch":1,"minecraft:sand":137,"minecraft:oak_log":10,"minecraft:pointed_dripstone":1,"minecraft:white_bed":1,"minecraft:gunpowder":1,"alexsmobs:animal_dictionary":1,"minecraft:polished_granite":1,"minecraft:bone":2,"minecraft:rotten_flesh":5,"minecraft:apple":1,"minecraft:wheat_seeds":2,"minecraft:oak_sapling":5,"minecraft:oak_planks":1,"minecraft:iron_bars":1,"minecraft:coal":10,"minecraft:cobblestone":25},"minecraft:crafted":{"minecraft:oak_planks":40,"minecraft:stone_shovel":1,"minecraft:crafting_table":2,"minecraft:stick":4,"minecraft:wooden_pickaxe":1,"minecraft:stone_pickaxe":1,"minecraft:stone_sword":1,"minecraft:chest":2,"minecraft:torch":4},"minecraft:killed_by":{"alexsmobs:froststalker":1,"minecraft:zombie":5},"minecraft:mined":{"minecraft:white_bed":1,"minecraft:iron_ore":4,"minecraft:fire":4,"minecraft:crafting_table":1,"minecraft:oak_log":10,"minecraft:coal_ore":10,"minecraft:sand":138,"minecraft:cobblestone":7,"minecraft:oak_planks":1,"minecraft:stone":19,"minecraft:oak_leaves":4,"minecraft:spawner":1},"minecraft:killed":{"minecraft:zombie":4,"minecraft:chicken":2,"minecraft:drowned":3},"minecraft:custom":{"minecraft:time_since_rest":17941,"minecraft:interact_with_smithing_table":1,"minecraft:sprint_one_cm":52802,"minecraft:damage_taken":1377,"minecraft:walk_one_cm":135588,"minecraft:trigger_trapped_chest":5,"minecraft:mob_kills":10,"minecraft:drop":7,"minecraft:damage_dealt":1741,"minecraft:interact_with_crafting_table":5,"minecraft:swim_one_cm":30175,"minecraft:fly_one_cm":59215,"minecraft:open_barrel":3,"minecraft:open_chest":11,"minecraft:crouch_one_cm":20822,"minecraft:play_time":51071,"minecraft:deaths":6,"minecraft:sneak_time":5743,"minecraft:walk_under_water_one_cm":12195,"minecraft:jump":538,"minecraft:time_since_death":17908,"minecraft:walk_on_water_one_cm":71850,"minecraft:total_world_time":51071,"minecraft:climb_one_cm":90,"minecraft:fall_one_cm":4881},"minecraft:broken":{"minecraft:stone_shovel":1}},"DataVersion":3465}