{"stats":{"minecraft:dropped":{"minecraft:allium":3},"minecraft:crafted":{"minecraft:crafting_table":1,"minecraft:stick":8,"minecraft:wooden_pickaxe":1,"minecraft:iron_ingot":15,"minecraft:stone_pickaxe":1,"minecraft:furnace":1,"minecraft:dark_oak_planks":20,"minecraft:stone_axe":1,"minecraft:air":0},"minecraft:killed":{"minecraft:skeleton":1,"minecraft:zombie":2,"born_in_chaos_v1:corpse_fly":1,"luminousworld:dark_oak_zombie":2,"born_in_chaos_v1:decrepit_skeleton":1},"minecraft:mined":{"minecraft:furnace":1,"iceandfire:silver_ore":2,"minecraft:iron_ore":16,"minecraft:dark_oak_log":21,"minecraft:crafting_table":2,"minecraft:granite":1,"minecraft:grass_block":1,"minecraft:coal_ore":14,"minecraft:dirt":1,"minecraft:cobblestone":1,"luminousworld:groundpebbles_2":1,"minecraft:stone":23,"minecraft:small_dripleaf":1},"minecraft:used":{"born_in_chaos_v1:corpse_maggot":1,"minecraft:bread":1,"minecraft:stone_pickaxe":44,"minecraft:wooden_pickaxe":15,"luminousworld:groundpebbles_1":1,"minecraft:stone_axe":41,"minecraft:dirt":2,"minecraft:cobblestone":4,"minecraft:crafting_table":2,"minecraft:furnace":1},"minecraft:custom":{"minecraft:time_since_rest":35606,"minecraft:interact_with_furnace":2,"minecraft:sprint_one_cm":28307,"minecraft:damage_taken":280,"minecraft:walk_one_cm":88079,"minecraft:mob_kills":8,"minecraft:drop":1,"minecraft:damage_dealt":1289,"minecraft:talked_to_villager":4,"minecraft:swim_one_cm":10753,"minecraft:interact_with_crafting_table":4,"minecraft:fly_one_cm":11953,"minecraft:open_chest":4,"minecraft:crouch_one_cm":1482,"minecraft:play_time":59164,"tombstone:undead_killed":6,"minecraft:deaths":1,"minecraft:sneak_time":498,"minecraft:walk_under_water_one_cm":9389,"minecraft:jump":306,"minecraft:leave_game":3,"minecraft:time_since_death":35992,"minecraft:walk_on_water_one_cm":10902,"minecraft:climb_one_cm":2064,"minecraft:total_world_time":59164,"minecraft:fall_one_cm":2586},"minecraft:picked_up":{"minecraft:stick":2,"minecraft:crafting_table":2,"luminousworld:groundpebbles_1":1,"born_in_chaos_v1:corpse_maggot":1,"minecraft:raw_iron":15,"minecraft:allium":3,"minecraft:big_dripleaf":2,"minecraft:red_mushroom":2,"tombstone:grave_dust":1,"minecraft:gunpowder":2,"minecraft:dark_oak_log":21,"minecraft:dirt":2,"minecraft:bone":3,"minecraft:rotten_flesh":6,"minecraft:tropical_fish":1,"minecraft:granite":4,"minecraft:bread":30,"supplementaries:ash":2,"minecraft:oak_sapling":1,"minecraft:moss_block":1,"minecraft:flowering_azalea":1,"minecraft:coal":26,"iceandfire:raw_silver":3,"minecraft:cobblestone":24,"minecraft:furnace":1}},"DataVersion":3465}