{"stats":{"minecraft:custom":{"minecraft:inspect_dropper":2,"minecraft:mob_kills":114,"minecraft:interact_with_crafting_table":21,"minecraft:open_barrel":9,"minecraft:damage_dealt_resisted":30,"minecraft:leave_game":6,"minecraft:time_since_death":231027,"minecraft:climb_one_cm":14012,"minecraft:sprint_one_cm":537510,"minecraft:walk_one_cm":747130,"minecraft:drop":36,"minecraft:talked_to_villager":8,"minecraft:play_time":254199,"minecraft:sneak_time":2326,"minecraft:deaths":1,"minecraft:walk_under_water_one_cm":14359,"minecraft:boat_one_cm":220482,"minecraft:interact_with_brewingstand":2,"minecraft:jump":2307,"minecraft:walk_on_water_one_cm":30699,"minecraft:total_world_time":254199,"minecraft:interact_with_furnace":11,"tombstone:raider_killed":15,"minecraft:traded_with_villager":5,"minecraft:sleep_in_bed":4,"minecraft:time_since_rest":97195,"minecraft:damage_taken":3832,"minecraft:damage_absorbed":11,"minecraft:damage_dealt":18210,"minecraft:swim_one_cm":20989,"minecraft:fly_one_cm":274117,"minecraft:open_chest":88,"minecraft:crouch_one_cm":5623,"tombstone:undead_killed":42,"minecraft:inspect_dispenser":7,"minecraft:fall_one_cm":40295},"minecraft:crafted":{"minecraft:dark_oak_boat":1,"quark:jungle_chest":3,"minecraft:furnace":2,"minecraft:glass":2,"minecraft:iron_boots":1,"minecraft:leather":6,"minecraft:iron_axe":1,"minecraft:iron_hoe":1,"minecraft:stone_pickaxe":1,"minecraft:dark_oak_planks":20,"minecraft:wheat":576,"minecraft:sugar":14,"minecraft:emerald":5,"minecraft:crafting_table":2,"minecraft:wooden_pickaxe":1,"sophisticatedbackpacks:gold_backpack":2,"minecraft:mangrove_planks":88,"minecraft:stone_axe":1,"minecraft:bread":192,"minecraft:air":0,"minecraft:jungle_planks":72,"minecraft:stick":208,"minecraft:iron_ingot":16,"minecraft:iron_pickaxe":4,"minecraft:torch":60},"minecraft:mined":{"minecraft:tuff":8,"create:zinc_ore":70,"minecraft:red_carpet":1,"iceandfire:silver_ore":9,"minecraft:cobblestone_stairs":2,"minecraft:jungle_leaves":3,"minecraft:dark_oak_log":23,"minecraft:mangrove_roots":1,"minecraft:granite":1,"minecraft:grass_block":3,"born_in_chaos_v1:black_argillite":1,"minecraft:jungle_log":18,"iceandfire:lectern":1,"quark:jungle_chest":2,"luminousworld:savanna_grass_2":6,"minecraft:hay_block":118,"minecraft:redstone_ore":4,"minecraft:furnace":1,"minecraft:iron_ore":92,"supplementaries:bamboo_spikes":7,"minecraft:fire":3,"minecraft:andesite":3,"minecraft:black_carpet":4,"minecraft:deepslate_lapis_ore":3,"minecraft:deepslate_iron_ore":37,"minecraft:bookshelf":31,"minecraft:vine":4,"minecraft:oak_stairs":2,"luminousworld:groundpebbles_2":1,"minecraft:stone":112,"minecraft:tripwire":13,"minecraft:deepslate_redstone_ore":9,"minecraft:oak_slab":3,"minecraft:crafting_table":8,"minecraft:torch":1,"luminousworld:savannah_grass_1":1,"minecraft:blast_furnace":2,"create:scoria":1,"minecraft:chest":2,"minecraft:dead_bush":1,"minecraft:copper_ore":45,"minecraft:glass":2,"minecraft:tall_grass":2,"minecraft:cobblestone":4,"minecraft:oak_planks":8,"minecraft:sugar_cane":25,"minecraft:diorite":10,"placeablesmod:bread_full_block":10,"minecraft:wall_torch":3,"supplementaries:urn":12,"minecraft:mangrove_leaves":7,"minecraft:yellow_bed":5,"minecraft:grass":9,"minecraft:coal_ore":66,"luminousworld:ishstone":9,"minecraft:dirt":3,"minecraft:gray_carpet":2,"minecraft:mangrove_log":23,"minecraft:tripwire_hook":1,"minecraft:deepslate":14,"minecraft:stone_bricks":3,"minecraft:small_dripleaf":1,"luminousworld:savannah_grass_4":3,"minecraft:chipped_anvil":1,"minecraft:oak_leaves":1,"minecraft:emerald_block":2,"minecraft:fern":1,"create:deepslate_zinc_ore":13},"minecraft:broken":{"minecraft:stone_axe":1},"minecraft:used":{"minecraft:moss_carpet":1,"minecraft:chest":2,"minecraft:black_carpet":4,"quark:jungle_chest":5,"minecraft:iron_sword":250,"minecraft:iron_chestplate":2,"minecraft:torch":48,"minecraft:dirt":3,"minecraft:iron_hoe":121,"minecraft:glass":2,"born_in_chaos_v1:corpse_maggot":1,"minecraft:iron_axe":135,"iceandfire:armor_bronze_leggings":1,"minecraft:iron_boots":1,"minecraft:totem_of_undying":1,"minecraft:stone_bricks":2,"iceandfire:deathworm_red_boots":1,"minecraft:golden_carrot":3,"minecraft:dark_oak_boat":6,"minecraft:emerald_block":2,"minecraft:mangrove_roots":1,"minecraft:furnace":2,"tombstone:gift":3,"minecraft:cooked_beef":1,"minecraft:iron_leggings":1,"iceandfire:armor_red_helmet":1,"minecraft:cobblestone_stairs":2,"minecraft:stone_pickaxe":47,"minecraft:gray_carpet":2,"minecraft:oak_planks":1,"minecraft:wooden_pickaxe":15,"luminousworld:groundpebbles_1":1,"iceandfire:armor_red_chestplate":1,"minecraft:white_wool":2,"minecraft:crafting_table":9,"minecraft:blast_furnace":2,"minecraft:spruce_log":1,"minecraft:dark_oak_log":2,"born_in_chaos_v1:monster_flesh":1,"minecraft:bread":72,"minecraft:iron_pickaxe":465,"minecraft:stone_axe":93,"minecraft:green_carpet":1,"minecraft:cobblestone":4,"minecraft:potion":1,"minecraft:yellow_bed":5,"minecraft:experience_bottle":1},"minecraft:killed":{"minecraft:evoker":2,"minecraft:cave_spider":2,"minecraft:witch":1,"undead_revamp2:thegliter":3,"born_in_chaos_v1:restless_spirit":1,"minecraft:vindicator":5,"illagerinvasion:marauder":1,"enemyexpansion:direwolf":1,"born_in_chaos_v1:maggot":6,"illagerinvasion:basher":2,"minecraft:skeleton":7,"alexsmobs:leafcutter_ant":4,"illagerinvasion:provoker":1,"iceandfire:deathworm":1,"luminousworld:savannah_zombie":1,"undead_revamp2:thespitter":1,"illagerinvasion:necromancer":1,"iceandfire:myrmex_worker":4,"born_in_chaos_v1:spirit_guide":1,"luminousworld:hollow":4,"born_in_chaos_v1:baby_skeleton":1,"naturalist:lizard_tail":1,"undead_revamp2:the_moonflower":5,"born_in_chaos_v1:dread_hound_not_despawn":2,"illagerinvasion:alchemist":1,"born_in_chaos_v1:decrepit_skeleton":1,"minecraft:sheep":4,"luminousworld:savannah_skeleton":4,"undead_revamp2:thesomnolence":9,"minecraft:zombie":11,"enemyexpansion:botfly":2,"born_in_chaos_v1:corpse_fly":5,"undead_revamp2:theskeeper":1,"naturalist:lizard":1,"luminousworld:dark_oak_zombie":2,"minecraft:cow":3,"illagerinvasion:archivist":1},"minecraft:picked_up":{"minecraft:wheat":2,"luminousworld:groundpebbles_1":1,"minecraft:iron_chestplate":2,"minecraft:crafting_table":8,"minecraft:allium":3,"minecraft:black_carpet":4,"iceandfire:fire_lily":1,"minecraft:lead":2,"minecraft:oak_stairs":2,"iceandfire:myrmex_jungle_chitin":6,"born_in_chaos_v1:black_argillite":1,"minecraft:string":25,"minecraft:moss_carpet":1,"minecraft:raw_copper":150,"minecraft:iron_axe":2,"minecraft:iron_leggings":1,"minecraft:item_frame":3,"minecraft:experience_bottle":1,"minecraft:cobbled_deepslate":15,"iceandfire:armor_red_helmet":1,"born_in_chaos_v1:gnawed_bones":1,"minecraft:iron_nugget":49,"minecraft:sugar_cane":24,"minecraft:chest":2,"minecraft:mangrove_log":22,"minecraft:iron_boots":1,"minecraft:furnace":1,"minecraft:stick":6,"minecraft:raw_iron":128,"iceandfire:dragonbone":25,"minecraft:big_dripleaf":2,"minecraft:torch":7,"quark:jungle_chest":2,"minecraft:diorite":10,"tombstone:grave_dust":3,"minecraft:redstone":59,"create:scoria":1,"minecraft:arrow":11,"quark:clear_shard":8,"minecraft:rotten_flesh":48,"minecraft:tropical_fish":1,"minecraft:vex_armor_trim_smithing_template":2,"minecraft:hay_block":118,"iceandfire:deathworm_red_boots":1,"minecraft:mangrove_roots":1,"minecraft:gold_ingot":1,"minecraft:totem_of_undying":3,"supplementaries:ash":26,"minecraft:glow_berries":2,"undead_revamp2:arapholia":1,"minecraft:white_wool":4,"minecraft:cobblestone":117,"born_in_chaos_v1:corpse_maggot":12,"luminousworld:savannah_ground":14,"minecraft:cooked_beef":6,"born_in_chaos_v1:monster_flesh":2,"minecraft:andesite":3,"luminousworld:ishstone":9,"minecraft:jungle_log":18,"minecraft:leather":1,"minecraft:dark_oak_boat":6,"iceandfire:armor_red_chestplate":1,"minecraft:red_mushroom":2,"minecraft:lapis_lazuli":18,"minecraft:tuff":8,"create:raw_zinc":83,"supplementaries:flax_seeds":3,"iceandfire:armor_bronze_leggings":1,"minecraft:yellow_bed":5,"minecraft:gunpowder":43,"minecraft:cobblestone_stairs":2,"naturalist:lizard_tail":1,"tombstone:voodoo_poppet":1,"minecraft:dirt":6,"minecraft:paper":2,"minecraft:lantern":1,"minecraft:name_tag":2,"born_in_chaos_v1:monster_skin":2,"minecraft:cooked_mutton":5,"minecraft:chipped_anvil":1,"minecraft:red_carpet":5,"minecraft:bone":27,"supplementaries:cartographers_quill":1,"minecraft:stone_bricks":3,"undead_revamp2:blacpetalblock":1,"minecraft:gray_carpet":2,"iceandfire:myrmex_jungle_resin":2,"minecraft:wheat_seeds":1,"minecraft:iron_ingot":1,"minecraft:diamond_helmet":1,"minecraft:glass_bottle":2,"artifacts:antidote_vessel":1,"minecraft:moss_block":1,"minecraft:iron_sword":2,"minecraft:oak_planks":8,"minecraft:flowering_azalea":1,"minecraft:book":91,"minecraft:oak_slab":3,"minecraft:emerald_block":2,"minecraft:music_disc_13":2,"born_in_chaos_v1:ethereal_spirit":4,"iceandfire:dragon_skull_fire":1,"sophisticatedbackpacks:iron_backpack":1,"minecraft:blast_furnace":2,"minecraft:spruce_log":1,"minecraft:green_carpet":1,"minecraft:dark_oak_log":23,"minecraft:bundle":1,"minecraft:iron_hoe":1,"supplementaries:bamboo_spikes":7,"iceandfire:lectern":1,"minecraft:iron_helmet":1,"minecraft:granite":4,"minecraft:ender_pearl":3,"minecraft:golden_apple":1,"minecraft:emerald":11,"minecraft:bread":47,"minecraft:oak_sapling":4,"minecraft:coal":92,"iceandfire:raw_silver":10},"minecraft:dropped":{"minecraft:iron_ingot":1,"naturalist:lizard_tail":1,"minecraft:cooked_beef":5,"minecraft:lead":1,"minecraft:lantern":1,"minecraft:leather":7,"sophisticatedbackpacks:gold_backpack":1,"minecraft:item_frame":2,"minecraft:music_disc_13":1,"born_in_chaos_v1:monster_flesh":1,"born_in_chaos_v1:gnawed_bones":1,"luminousworld:savannah_ground":14,"minecraft:iron_leggings":1,"minecraft:iron_axe":1,"iceandfire:myrmex_jungle_chitin":3,"minecraft:bone":1,"minecraft:wheat":1,"undead_revamp2:arapholia":1,"minecraft:iron_boots":1,"iceandfire:fire_lily":1,"minecraft:name_tag":1,"iceandfire:myrmex_jungle_resin":1,"minecraft:totem_of_undying":1,"minecraft:filled_map":1,"supplementaries:ash":1,"minecraft:gunpowder":20,"minecraft:allium":3,"minecraft:iron_chestplate":3,"minecraft:oak_sapling":3,"minecraft:vex_armor_trim_smithing_template":1,"minecraft:bread":24}},"DataVersion":3465}