{"stats":{"minecraft:used":{"alexsmobs:animal_dictionary":1},"minecraft:picked_up":{"minecraft:arrow":1,"minecraft:rotten_flesh":1},"minecraft:killed_by":{"minecraft:zombie":2},"minecraft:custom":{"minecraft:jump":19,"minecraft:open_chest":2,"minecraft:time_since_rest":4024,"minecraft:crouch_one_cm":37,"minecraft:walk_on_water_one_cm":351,"minecraft:deaths":3,"minecraft:damage_taken":618,"minecraft:sprint_one_cm":2654,"minecraft:leave_game":2,"minecraft:play_time":11308,"minecraft:time_since_death":0,"minecraft:walk_one_cm":10445,"minecraft:sneak_time":529,"minecraft:climb_one_cm":3511,"minecraft:total_world_time":12256,"minecraft:walk_under_water_one_cm":1406,"minecraft:fall_one_cm":5720,"minecraft:fly_one_cm":91403,"minecraft:damage_dealt":5,"minecraft:open_barrel":8}},"DataVersion":3465}