{"stats":{"minecraft:dropped":{"minecraft:iron_sword":1,"minecraft:glow_ink_sac":6,"minecraft:cobblestone":32,"minecraft:iron_helmet":1,"minecraft:granite":2,"jeg:scrap":74,"firstaid:bandage":16,"minecraft:phantom_membrane":1,"jeg:tech_trash":5,"minecraft:stone_axe":1,"alexsmobs:animal_dictionary":1,"minecraft:cobbled_deepslate":17,"minecraft:tuff":1,"minecraft:pointed_dripstone":1,"minecraft:oak_planks":12,"jeg:revolver":1,"minecraft:spruce_planks":20,"minecraft:iron_chestplate":1,"man_of_many_planes:scarlet_biplane":1,"better_mob_food:cooked_flesh":29,"minecraft:spider_eye":3,"minecraft:iron_bars":1,"jeg:pistol_ammo":64,"minecraft:polished_granite":1},"minecraft:picked_up":{"minecraft:charcoal":6,"minecraft:crafting_table":5,"minecraft:iron_chestplate":2,"minecraft:ladder":1,"minecraft:chicken":2,"minecraft:leather_leggings":1,"minecraft:polished_deepslate":2,"minecraft:string":22,"minecraft:raw_copper":159,"immersive_aircraft:biplane":4,"minecraft:wooden_sword":1,"minecraft:quartz_slab":1,"jeg:recycler":1,"graveyard:corruption":3,"minecraft:cobbled_deepslate":173,"minecraft:spruce_planks":18,"minecraft:beef":9,"minecraft:redstone_torch":2,"minecraft:iron_pickaxe":1,"minecraft:enchanted_golden_apple":1,"minecraft:coal_block":1,"minecraft:sugar_cane":5,"minecraft:phantom_membrane":3,"minecraft:egg":2,"minecraft:stick":6,"minecraft:raw_iron":89,"jeg:gunmetal_ingot":1,"minecraft:torch":9,"sophisticatedbackpacks:backpack":1,"minecraft:porkchop":13,"minecraft:lightning_rod":2,"minecraft:pointed_dripstone":1,"minecraft:carrot":27,"minecraft:redstone":57,"minecraft:dark_oak_planks":3,"man_of_many_planes:scarlet_biplane":3,"jeg:circuit_board":2,"minecraft:rotten_flesh":235,"jeg:gunmetal_workbench":1,"minecraft:glow_berries":2,"minecraft:iron_bars":1,"minecraft:skeleton_skull":1,"minecraft:cobblestone":300,"minecraft:leather_chestplate":3,"minecraft:iron_door":1,"minecraft:glow_ink_sac":9,"minecraft:andesite":37,"alexsmobs:cachalot_whale_tooth":1,"minecraft:flint":1,"minecraft:tuff":1,"minecraft:oak_log":99,"minecraft:chainmail_chestplate":1,"jeg:scrap":220,"minecraft:golden_boots":1,"minecraft:gunpowder":39,"minecraft:lapis_lazuli":92,"minecraft:dirt":3,"minecraft:white_banner":1,"minecraft:polished_granite":1,"minecraft:bone":38,"minecraft:apple":3,"minecraft:stone_bricks":2,"minecraft:wheat_seeds":3,"minecraft:raw_gold":10,"minecraft:cobweb":6,"minecraft:iron_sword":1,"minecraft:oak_planks":1,"jeg:tech_trash":30,"minecraft:gravel":44,"minecraft:sand":143,"minecraft:ink_sac":7,"minecraft:white_bed":1,"minecraft:mossy_cobblestone":4,"minecraft:dark_oak_log":3,"minecraft:spider_eye":12,"alexsmobs:animal_dictionary":1,"minecraft:leather_helmet":1,"minecraft:polished_andesite":1,"minecraft:slime_ball":3,"minecraft:stone_axe":1,"minecraft:chainmail_leggings":1,"minecraft:iron_helmet":2,"minecraft:granite":143,"minecraft:emerald":11,"minecraft:oak_sapling":20,"minecraft:coal":98,"minecraft:ender_pearl":2},"minecraft:killed_by":{"alexsmobs:froststalker":1,"graveyard:ghoul":1,"minecraft:pillager":2,"minecraft:drowned":2,"alexsmobs:centipede_head":1,"minecraft:zombie":12},"minecraft:used":{"minecraft:stone_sword":181,"minecraft:stone_shovel":131,"minecraft:chest":3,"minecraft:shield":51,"minecraft:torch":89,"minecraft:anvil":1,"minecraft:granite":14,"better_mob_food:cooked_flesh":6,"minecraft:oak_sapling":16,"minecraft:furnace":2,"jeg:revolver":72,"immersive_aircraft:biplane":4,"minecraft:cobbled_deepslate":35,"minecraft:iron_leggings":1,"minecraft:oak_planks":26,"minecraft:stone_pickaxe":521,"minecraft:wooden_pickaxe":16,"jeg:gunmetal_workbench":1,"minecraft:sand":121,"minecraft:crafting_table":8,"minecraft:white_bed":1,"jeg:recycler":1,"minecraft:apple":1,"man_of_many_planes:scarlet_biplane":3,"minecraft:iron_pickaxe":394,"marbledsarsenal:machete":403,"jeg:scrap_workbench":1,"minecraft:stone_axe":121,"minecraft:cobblestone":145},"minecraft:mined":{"minecraft:tuff":2,"minecraft:white_bed":1,"minecraft:oak_sapling":1,"minecraft:sculk_vein":4,"minecraft:granite":86,"minecraft:grass_block":2,"minecraft:redstone_wire":1,"minecraft:spawner":6,"minecraft:redstone_ore":9,"minecraft:iron_ore":78,"minecraft:fire":7,"minecraft:andesite":18,"minecraft:black_carpet":1,"minecraft:deepslate_lapis_ore":8,"minecraft:polished_deepslate":2,"minecraft:deepslate_iron_ore":12,"minecraft:quartz_slab":2,"minecraft:stone":97,"jeg:scrap_ore":40,"minecraft:polished_granite":1,"minecraft:crafting_table":4,"minecraft:torch":1,"minecraft:sculk_sensor":1,"minecraft:lightning_rod":2,"minecraft:copper_ore":45,"minecraft:cobblestone":174,"minecraft:lapis_ore":6,"minecraft:deepslate_gold_ore":11,"minecraft:sugar_cane":4,"minecraft:oak_planks":1,"minecraft:sculk":28,"minecraft:wall_torch":6,"jeg:deepslate_scrap_ore":39,"minecraft:grass":1,"minecraft:oak_log":99,"minecraft:coal_ore":100,"minecraft:gravel":44,"minecraft:sand":144,"minecraft:dirt":2,"minecraft:polished_andesite":1,"minecraft:stone_bricks":4,"minecraft:oak_leaves":25,"minecraft:deepslate":176},"minecraft:crafted":{"immersive_aircraft:engine":1,"marbledsarsenal:desert_military_armor_boots":1,"minecraft:smooth_stone":7,"minecraft:oak_planks":104,"minecraft:stone_shovel":1,"minecraft:smooth_stone_slab":6,"jeg:gunmetal_grit":127,"minecraft:furnace":4,"minecraft:blast_furnace":1,"immersive_aircraft:biplane":1,"minecraft:piston":2,"minecraft:stone":12,"jeg:gunmetal_ingot":11,"marbledsarsenal:desert_military_armor_helmet":1,"jeg:scrap_workbench":1,"marbledsarsenal:machete":1,"immersive_aircraft:hull":6,"minecraft:stone_pickaxe":4,"minecraft:chest":3,"marbledsapi:steel_ingot":17,"man_of_many_planes:scarlet_biplane":1,"marbledsapi:steel_sheet":8,"minecraft:cauldron":1,"immersive_aircraft:boiler":1,"minecraft:crafting_table":4,"minecraft:wooden_pickaxe":1,"better_mob_food:cooked_flesh":56,"minecraft:copper_ingot":13,"marbledsarsenal:desert_military_armor_leggings":1,"minecraft:stone_axe":1,"immersive_aircraft:propeller":2,"minecraft:air":0,"jeg:scrap_block":1,"marbledsapi:raw_steel":17,"minecraft:shield":1,"minecraft:stick":40,"minecraft:iron_ingot":62,"minecraft:leather_chestplate":1,"minecraft:iron_pickaxe":3,"jeg:gunmetal_nugget":109,"minecraft:stone_sword":1,"minecraft:stonecutter":1,"minecraft:torch":84},"minecraft:broken":{"minecraft:stone_sword":1,"minecraft:stone_pickaxe":4,"minecraft:stone_axe":1,"minecraft:iron_pickaxe":1,"minecraft:stone_shovel":1},"minecraft:custom":{"minecraft:interact_with_smithing_table":9,"minecraft:interact_with_anvil":10,"minecraft:mob_kills":191,"minecraft:inspect_hopper":1,"minecraft:interact_with_crafting_table":58,"minecraft:open_barrel":92,"minecraft:damage_dealt_resisted":42,"minecraft:leave_game":6,"minecraft:time_since_death":15646,"minecraft:climb_one_cm":1551,"minecraft:sprint_one_cm":224540,"minecraft:walk_one_cm":649027,"minecraft:damage_blocked_by_shield":2350,"minecraft:drop":98,"minecraft:damage_dealt_absorbed":85,"minecraft:play_time":320746,"minecraft:deaths":23,"minecraft:sneak_time":14997,"minecraft:walk_under_water_one_cm":99677,"minecraft:jump":3288,"minecraft:walk_on_water_one_cm":220659,"minecraft:total_world_time":320746,"minecraft:interact_with_furnace":116,"minecraft:tune_noteblock":1,"minecraft:time_since_rest":15673,"minecraft:damage_taken":5565,"minecraft:trigger_trapped_chest":5,"minecraft:damage_dealt":27412,"minecraft:swim_one_cm":137542,"minecraft:fly_one_cm":330877,"minecraft:open_chest":133,"minecraft:crouch_one_cm":47678,"minecraft:fall_one_cm":54223},"minecraft:killed":{"graveyard:revenant":2,"minecraft:zombie_horse":4,"minecraft:chicken":3,"minecraft:drowned":9,"minecraft:skeleton_horse":1,"graveyard:ghoul":5,"minecraft:pig":5,"minecraft:bat":1,"minecraft:pillager":8,"minecraft:zombie":140}},"DataVersion":3465}