{"stats":{"minecraft:used":{"jeg:revolver":11,"alexsmobs:animal_dictionary":1},"minecraft:picked_up":{"minecraft:arrow":1,"minecraft:rotten_flesh":1,"minecraft:oak_log":8,"alexsmobs:moose_ribs":1,"minecraft:spruce_log":6},"minecraft:killed_by":{"minecraft:zombie":2,"alexsmobs:moose":1},"minecraft:mined":{"minecraft:oak_log":8,"minecraft:spruce_leaves":5,"minecraft:spruce_log":6,"minecraft:oak_leaves":1},"minecraft:killed":{"alexsmobs:moose":1},"minecraft:custom":{"minecraft:open_barrel":8,"minecraft:time_since_rest":2674,"minecraft:open_chest":2,"minecraft:crouch_one_cm":110,"minecraft:sprint_one_cm":10165,"minecraft:play_time":17708,"minecraft:deaths":4,"minecraft:damage_taken":666,"minecraft:walk_one_cm":29210,"minecraft:sneak_time":633,"minecraft:walk_under_water_one_cm":1406,"minecraft:mob_kills":1,"minecraft:jump":72,"minecraft:damage_dealt":5,"minecraft:leave_game":2,"minecraft:walk_on_water_one_cm":351,"minecraft:time_since_death":2644,"minecraft:climb_one_cm":3511,"minecraft:total_world_time":18656,"minecraft:fall_one_cm":6556,"minecraft:fly_one_cm":99769}},"DataVersion":3465}