{"stats":{"minecraft:dropped":{"minecraft:stone_axe":1,"alexsmobs:animal_dictionary":1,"minecraft:pointed_dripstone":1,"jeg:revolver":1,"firstaid:bandage":16,"better_mob_food:cooked_flesh":29,"minecraft:spider_eye":1,"minecraft:iron_bars":1,"minecraft:polished_granite":1,"jeg:pistol_ammo":64},"minecraft:picked_up":{"minecraft:crafting_table":3,"minecraft:leather_chestplate":1,"minecraft:chicken":2,"minecraft:leather_leggings":1,"alexsmobs:cachalot_whale_tooth":1,"minecraft:oak_log":99,"jeg:scrap":49,"minecraft:gunpowder":7,"minecraft:polished_deepslate":2,"minecraft:lapis_lazuli":26,"minecraft:string":4,"minecraft:dirt":3,"minecraft:white_banner":1,"minecraft:raw_copper":25,"minecraft:polished_granite":1,"immersive_aircraft:biplane":3,"minecraft:bone":9,"minecraft:apple":3,"minecraft:stone_bricks":2,"graveyard:corruption":1,"minecraft:wheat_seeds":2,"minecraft:spruce_planks":15,"minecraft:redstone_torch":2,"minecraft:enchanted_golden_apple":1,"minecraft:sugar_cane":5,"minecraft:oak_planks":1,"jeg:tech_trash":8,"minecraft:egg":2,"minecraft:raw_iron":31,"minecraft:stick":6,"minecraft:torch":5,"minecraft:porkchop":3,"minecraft:sand":143,"minecraft:lightning_rod":2,"minecraft:ink_sac":7,"minecraft:pointed_dripstone":1,"minecraft:white_bed":1,"minecraft:redstone":37,"minecraft:dark_oak_log":3,"minecraft:spider_eye":1,"alexsmobs:animal_dictionary":1,"minecraft:dark_oak_planks":3,"minecraft:rotten_flesh":32,"minecraft:slime_ball":1,"minecraft:stone_axe":1,"minecraft:granite":14,"minecraft:emerald":11,"minecraft:oak_sapling":20,"minecraft:iron_bars":1,"minecraft:coal":71,"minecraft:cobblestone":214},"minecraft:killed_by":{"alexsmobs:froststalker":1,"graveyard:ghoul":1,"minecraft:zombie":5,"minecraft:pillager":2,"minecraft:drowned":1},"minecraft:used":{"minecraft:stone_sword":181,"minecraft:stone_pickaxe":268,"minecraft:stone_shovel":131,"minecraft:oak_planks":26,"minecraft:chest":3,"minecraft:wooden_pickaxe":16,"minecraft:torch":40,"minecraft:anvil":1,"minecraft:sand":121,"minecraft:crafting_table":5,"minecraft:white_bed":1,"minecraft:granite":14,"minecraft:apple":1,"marbledsarsenal:machete":29,"minecraft:iron_pickaxe":117,"better_mob_food:cooked_flesh":4,"jeg:scrap_workbench":1,"minecraft:stone_axe":121,"minecraft:cobblestone":114,"minecraft:furnace":1,"minecraft:oak_sapling":16,"jeg:revolver":14,"immersive_aircraft:biplane":3,"minecraft:iron_leggings":1},"minecraft:mined":{"minecraft:white_bed":1,"minecraft:oak_sapling":1,"jeg:scrap_ore":22,"minecraft:crafting_table":2,"minecraft:torch":1,"minecraft:granite":15,"minecraft:grass_block":2,"minecraft:lightning_rod":2,"minecraft:copper_ore":7,"minecraft:cobblestone":171,"minecraft:lapis_ore":5,"minecraft:oak_planks":1,"minecraft:sugar_cane":4,"minecraft:wall_torch":3,"minecraft:spawner":1,"minecraft:redstone_ore":8,"minecraft:iron_ore":32,"minecraft:fire":6,"minecraft:black_carpet":1,"minecraft:grass":1,"minecraft:polished_deepslate":2,"minecraft:coal_ore":72,"minecraft:oak_log":99,"minecraft:sand":144,"minecraft:dirt":1,"minecraft:stone":59,"minecraft:stone_bricks":2,"minecraft:oak_leaves":25},"minecraft:crafted":{"immersive_aircraft:engine":1,"marbledsarsenal:desert_military_armor_boots":1,"marbledsapi:steel_sheet":8,"minecraft:smooth_stone":3,"minecraft:oak_planks":92,"minecraft:stone_shovel":1,"immersive_aircraft:boiler":1,"minecraft:crafting_table":3,"minecraft:wooden_pickaxe":1,"better_mob_food:cooked_flesh":56,"minecraft:copper_ingot":13,"minecraft:furnace":3,"minecraft:piston":2,"minecraft:blast_furnace":1,"immersive_aircraft:biplane":1,"minecraft:stone":4,"minecraft:stone_axe":1,"marbledsarsenal:desert_military_armor_leggings":1,"immersive_aircraft:propeller":1,"marbledsarsenal:desert_military_armor_helmet":1,"minecraft:air":0,"jeg:scrap_block":1,"marbledsapi:raw_steel":17,"minecraft:shield":1,"jeg:scrap_workbench":1,"marbledsarsenal:machete":1,"minecraft:stick":36,"minecraft:iron_ingot":35,"immersive_aircraft:hull":3,"minecraft:iron_pickaxe":1,"minecraft:stone_pickaxe":3,"minecraft:stone_sword":1,"minecraft:chest":3,"marbledsapi:steel_ingot":17,"minecraft:torch":28},"minecraft:custom":{"minecraft:interact_with_smithing_table":5,"minecraft:interact_with_furnace":53,"minecraft:interact_with_anvil":7,"minecraft:mob_kills":49,"minecraft:inspect_hopper":1,"minecraft:interact_with_crafting_table":42,"minecraft:open_barrel":6,"minecraft:leave_game":3,"minecraft:time_since_death":48559,"minecraft:climb_one_cm":90,"minecraft:time_since_rest":48601,"minecraft:sprint_one_cm":132904,"minecraft:damage_taken":2464,"minecraft:walk_one_cm":395806,"minecraft:trigger_trapped_chest":5,"minecraft:drop":38,"minecraft:damage_dealt":8505,"minecraft:swim_one_cm":123286,"minecraft:fly_one_cm":155872,"minecraft:open_chest":84,"minecraft:play_time":189899,"minecraft:crouch_one_cm":38326,"minecraft:deaths":11,"minecraft:sneak_time":11700,"minecraft:walk_under_water_one_cm":66176,"minecraft:jump":1540,"minecraft:walk_on_water_one_cm":95647,"minecraft:total_world_time":189899,"minecraft:fall_one_cm":30004},"minecraft:broken":{"minecraft:stone_pickaxe":2,"minecraft:stone_sword":1,"minecraft:stone_axe":1,"minecraft:stone_shovel":1},"minecraft:killed":{"minecraft:pig":2,"graveyard:ghoul":2,"minecraft:pillager":8,"minecraft:zombie":27,"minecraft:chicken":2,"minecraft:drowned":4}},"DataVersion":3465}