{"stats":{"minecraft:dropped":{"jeg:revolver":1,"firstaid:bandage":16,"jeg:pistol_ammo":64},"minecraft:used":{"minecraft:stone_sword":8,"minecraft:stone_pickaxe":5,"minecraft:wooden_pickaxe":16,"minecraft:cobblestone":1,"minecraft:crafting_table":1,"minecraft:oak_sapling":5},"minecraft:picked_up":{"minecraft:stick":4,"minecraft:crafting_table":1,"minecraft:oak_log":10,"minecraft:bone":1,"minecraft:apple":1,"minecraft:oak_sapling":5,"minecraft:coal":3,"minecraft:cobblestone":17},"minecraft:crafted":{"minecraft:oak_planks":40,"minecraft:crafting_table":1,"minecraft:stick":4,"minecraft:wooden_pickaxe":1,"minecraft:stone_pickaxe":1,"minecraft:stone_sword":1},"minecraft:mined":{"minecraft:fire":2,"minecraft:crafting_table":1,"minecraft:oak_log":10,"minecraft:coal_ore":3,"minecraft:cobblestone":5,"minecraft:stone":13,"minecraft:oak_leaves":3},"minecraft:custom":{"minecraft:time_since_rest":15071,"minecraft:sprint_one_cm":21057,"minecraft:damage_taken":295,"minecraft:walk_one_cm":33310,"minecraft:drop":3,"minecraft:damage_dealt":150,"minecraft:interact_with_crafting_table":2,"minecraft:swim_one_cm":2805,"minecraft:fly_one_cm":11108,"minecraft:open_barrel":1,"minecraft:open_chest":3,"minecraft:crouch_one_cm":2049,"minecraft:play_time":15071,"minecraft:sneak_time":947,"minecraft:walk_under_water_one_cm":4057,"minecraft:jump":131,"minecraft:time_since_death":15071,"minecraft:walk_on_water_one_cm":22944,"minecraft:total_world_time":15071,"minecraft:climb_one_cm":90,"minecraft:fall_one_cm":2472}},"DataVersion":3465}