{"stats":{"minecraft:dropped":{"minecraft:allium":3,"minecraft:bone":1},"minecraft:crafted":{"minecraft:sugar":14,"minecraft:emerald":5,"minecraft:dark_oak_boat":1,"minecraft:crafting_table":1,"minecraft:wooden_pickaxe":1,"minecraft:furnace":1,"minecraft:mangrove_planks":88,"minecraft:stone_axe":1,"minecraft:air":0,"minecraft:iron_axe":1,"minecraft:stick":184,"minecraft:iron_ingot":15,"minecraft:stone_pickaxe":1,"minecraft:dark_oak_planks":20},"minecraft:killed":{"luminousworld:hollow":2,"naturalist:lizard_tail":1,"undead_revamp2:the_moonflower":1,"born_in_chaos_v1:dread_hound_not_despawn":2,"born_in_chaos_v1:decrepit_skeleton":1,"minecraft:skeleton":1,"minecraft:zombie":2,"born_in_chaos_v1:corpse_fly":1,"naturalist:lizard":1,"iceandfire:deathworm":1,"luminousworld:dark_oak_zombie":2},"minecraft:mined":{"iceandfire:silver_ore":2,"minecraft:dark_oak_log":21,"minecraft:mangrove_roots":1,"minecraft:crafting_table":4,"minecraft:granite":1,"minecraft:grass_block":1,"minecraft:dead_bush":1,"minecraft:cobblestone":1,"minecraft:sugar_cane":25,"minecraft:furnace":1,"minecraft:iron_ore":16,"minecraft:fire":1,"minecraft:mangrove_leaves":7,"minecraft:coal_ore":14,"minecraft:dirt":1,"minecraft:mangrove_log":23,"luminousworld:groundpebbles_2":1,"minecraft:stone":23,"minecraft:small_dripleaf":1},"minecraft:used":{"minecraft:moss_carpet":1,"minecraft:stone_pickaxe":44,"minecraft:wooden_pickaxe":15,"luminousworld:groundpebbles_1":1,"minecraft:iron_chestplate":1,"minecraft:dirt":2,"minecraft:crafting_table":4,"minecraft:spruce_log":1,"born_in_chaos_v1:corpse_maggot":1,"born_in_chaos_v1:monster_flesh":1,"minecraft:iron_axe":10,"minecraft:bread":11,"minecraft:stone_axe":93,"minecraft:golden_carrot":3,"minecraft:cobblestone":4,"minecraft:dark_oak_boat":4,"minecraft:mangrove_roots":1,"minecraft:furnace":1,"minecraft:iron_leggings":1},"minecraft:custom":{"minecraft:interact_with_furnace":2,"minecraft:mob_kills":16,"minecraft:traded_with_villager":5,"minecraft:interact_with_crafting_table":6,"minecraft:leave_game":3,"minecraft:time_since_death":69636,"minecraft:sleep_in_bed":1,"minecraft:climb_one_cm":4321,"minecraft:time_since_rest":22225,"minecraft:sprint_one_cm":123265,"minecraft:damage_taken":994,"minecraft:walk_one_cm":189076,"minecraft:drop":2,"minecraft:damage_dealt":3150,"minecraft:swim_one_cm":14327,"minecraft:talked_to_villager":8,"minecraft:fly_one_cm":79759,"minecraft:open_chest":15,"minecraft:crouch_one_cm":1729,"minecraft:play_time":92808,"tombstone:undead_killed":9,"minecraft:deaths":1,"minecraft:sneak_time":653,"minecraft:walk_under_water_one_cm":12172,"minecraft:boat_one_cm":126143,"minecraft:jump":698,"minecraft:walk_on_water_one_cm":16724,"minecraft:total_world_time":92808,"minecraft:fall_one_cm":12835},"minecraft:picked_up":{"born_in_chaos_v1:corpse_maggot":1,"luminousworld:groundpebbles_1":1,"minecraft:iron_chestplate":1,"minecraft:crafting_table":4,"minecraft:allium":3,"born_in_chaos_v1:monster_flesh":1,"minecraft:dark_oak_boat":3,"minecraft:red_mushroom":2,"minecraft:gunpowder":2,"naturalist:lizard_tail":1,"minecraft:dirt":2,"minecraft:moss_carpet":1,"born_in_chaos_v1:monster_skin":2,"minecraft:iron_leggings":1,"minecraft:bone":4,"supplementaries:cartographers_quill":1,"born_in_chaos_v1:gnawed_bones":1,"minecraft:moss_block":1,"minecraft:sugar_cane":24,"minecraft:flowering_azalea":1,"minecraft:mangrove_log":22,"minecraft:furnace":1,"minecraft:raw_iron":15,"minecraft:stick":2,"iceandfire:dragonbone":5,"minecraft:big_dripleaf":2,"tombstone:grave_dust":1,"minecraft:spruce_log":1,"minecraft:dark_oak_log":21,"minecraft:arrow":1,"minecraft:rotten_flesh":9,"minecraft:tropical_fish":1,"minecraft:granite":4,"minecraft:mangrove_roots":1,"minecraft:bread":30,"supplementaries:ash":3,"minecraft:oak_sapling":3,"minecraft:coal":26,"iceandfire:raw_silver":3,"minecraft:cobblestone":24},"minecraft:broken":{"minecraft:stone_axe":1}},"DataVersion":3465}