{"stats":{"minecraft:dropped":{"naturalist:lizard_tail":1,"minecraft:lantern":1,"born_in_chaos_v1:monster_flesh":1,"born_in_chaos_v1:gnawed_bones":1,"luminousworld:savannah_ground":14,"minecraft:iron_leggings":1,"minecraft:iron_axe":1,"minecraft:bone":1,"minecraft:iron_boots":1,"minecraft:filled_map":1,"supplementaries:ash":1,"minecraft:allium":3,"minecraft:iron_chestplate":3,"minecraft:oak_sapling":3},"minecraft:crafted":{"minecraft:dark_oak_boat":1,"minecraft:furnace":1,"minecraft:glass":2,"minecraft:iron_boots":1,"minecraft:iron_axe":1,"minecraft:iron_hoe":1,"minecraft:stone_pickaxe":1,"minecraft:dark_oak_planks":20,"minecraft:sugar":14,"minecraft:emerald":5,"minecraft:crafting_table":1,"minecraft:wooden_pickaxe":1,"minecraft:mangrove_planks":88,"minecraft:stone_axe":1,"minecraft:air":0,"minecraft:stick":184,"minecraft:iron_ingot":15},"minecraft:killed":{"minecraft:skeleton":2,"iceandfire:deathworm":1,"luminousworld:savannah_zombie":1,"undead_revamp2:thespitter":1,"luminousworld:hollow":2,"naturalist:lizard_tail":1,"undead_revamp2:the_moonflower":2,"born_in_chaos_v1:dread_hound_not_despawn":2,"born_in_chaos_v1:decrepit_skeleton":1,"luminousworld:savannah_skeleton":2,"undead_revamp2:thesomnolence":6,"minecraft:zombie":2,"born_in_chaos_v1:corpse_fly":1,"undead_revamp2:theskeeper":1,"naturalist:lizard":1,"luminousworld:dark_oak_zombie":2},"minecraft:mined":{"iceandfire:silver_ore":2,"minecraft:dark_oak_log":21,"minecraft:mangrove_roots":1,"minecraft:granite":1,"minecraft:grass_block":1,"iceandfire:lectern":1,"luminousworld:savanna_grass_2":5,"minecraft:hay_block":36,"minecraft:furnace":1,"minecraft:iron_ore":16,"minecraft:fire":1,"minecraft:bookshelf":30,"luminousworld:groundpebbles_2":1,"minecraft:stone":23,"minecraft:crafting_table":6,"luminousworld:savannah_grass_1":1,"minecraft:dead_bush":1,"minecraft:glass":2,"minecraft:tall_grass":2,"minecraft:cobblestone":1,"minecraft:sugar_cane":25,"minecraft:mangrove_leaves":7,"minecraft:yellow_bed":2,"minecraft:grass":2,"minecraft:coal_ore":14,"minecraft:dirt":1,"minecraft:mangrove_log":23,"minecraft:small_dripleaf":1,"luminousworld:savannah_grass_4":2},"minecraft:used":{"minecraft:moss_carpet":1,"minecraft:iron_sword":1,"minecraft:iron_chestplate":2,"minecraft:dirt":2,"minecraft:iron_hoe":39,"born_in_chaos_v1:corpse_maggot":1,"minecraft:iron_axe":74,"iceandfire:armor_bronze_leggings":1,"minecraft:iron_boots":1,"minecraft:golden_carrot":3,"iceandfire:deathworm_red_boots":1,"minecraft:dark_oak_boat":5,"minecraft:mangrove_roots":1,"minecraft:furnace":1,"tombstone:gift":1,"minecraft:iron_leggings":1,"iceandfire:armor_red_helmet":1,"minecraft:stone_pickaxe":44,"minecraft:wooden_pickaxe":15,"luminousworld:groundpebbles_1":1,"iceandfire:armor_red_chestplate":1,"minecraft:crafting_table":5,"minecraft:spruce_log":1,"born_in_chaos_v1:monster_flesh":1,"minecraft:bread":22,"minecraft:stone_axe":93,"minecraft:cobblestone":4,"minecraft:experience_bottle":1},"minecraft:custom":{"minecraft:mob_kills":29,"minecraft:interact_with_crafting_table":8,"minecraft:leave_game":4,"minecraft:time_since_death":92131,"minecraft:climb_one_cm":4321,"minecraft:sprint_one_cm":189286,"minecraft:walk_one_cm":269755,"minecraft:drop":17,"minecraft:talked_to_villager":8,"minecraft:play_time":115303,"minecraft:deaths":1,"minecraft:sneak_time":693,"minecraft:walk_under_water_one_cm":12964,"minecraft:boat_one_cm":167434,"minecraft:jump":929,"minecraft:walk_on_water_one_cm":25478,"minecraft:total_world_time":115303,"minecraft:interact_with_furnace":2,"minecraft:traded_with_villager":5,"minecraft:sleep_in_bed":1,"minecraft:time_since_rest":44720,"minecraft:damage_taken":1601,"minecraft:damage_dealt":5180,"minecraft:swim_one_cm":16684,"minecraft:fly_one_cm":124102,"minecraft:open_chest":17,"minecraft:crouch_one_cm":1729,"tombstone:undead_killed":16,"minecraft:fall_one_cm":17478},"minecraft:picked_up":{"luminousworld:groundpebbles_1":1,"minecraft:iron_chestplate":2,"minecraft:crafting_table":6,"minecraft:allium":3,"minecraft:string":3,"minecraft:moss_carpet":1,"minecraft:iron_axe":1,"minecraft:iron_leggings":1,"minecraft:item_frame":1,"minecraft:experience_bottle":1,"iceandfire:armor_red_helmet":1,"born_in_chaos_v1:gnawed_bones":1,"minecraft:sugar_cane":24,"minecraft:mangrove_log":22,"minecraft:furnace":1,"minecraft:stick":2,"minecraft:raw_iron":15,"iceandfire:dragonbone":25,"minecraft:big_dripleaf":2,"tombstone:grave_dust":1,"minecraft:tropical_fish":1,"minecraft:arrow":3,"quark:clear_shard":8,"minecraft:rotten_flesh":15,"minecraft:hay_block":36,"iceandfire:deathworm_red_boots":1,"minecraft:mangrove_roots":1,"minecraft:gold_ingot":1,"supplementaries:ash":3,"undead_revamp2:arapholia":1,"minecraft:cobblestone":24,"born_in_chaos_v1:corpse_maggot":1,"luminousworld:savannah_ground":14,"born_in_chaos_v1:monster_flesh":2,"minecraft:dark_oak_boat":5,"iceandfire:armor_red_chestplate":1,"minecraft:red_mushroom":2,"iceandfire:armor_bronze_leggings":1,"minecraft:yellow_bed":2,"minecraft:gunpowder":2,"naturalist:lizard_tail":1,"minecraft:dirt":2,"minecraft:lantern":1,"born_in_chaos_v1:monster_skin":2,"minecraft:bone":5,"supplementaries:cartographers_quill":1,"artifacts:antidote_vessel":1,"minecraft:moss_block":1,"minecraft:iron_sword":1,"minecraft:flowering_azalea":1,"minecraft:book":87,"iceandfire:dragon_skull_fire":1,"minecraft:spruce_log":1,"minecraft:dark_oak_log":21,"iceandfire:lectern":1,"minecraft:granite":4,"minecraft:bread":30,"minecraft:oak_sapling":3,"minecraft:coal":26,"iceandfire:raw_silver":3},"minecraft:broken":{"minecraft:stone_axe":1}},"DataVersion":3465}