{"stats":{"minecraft:dropped":{"jeg:revolver":1,"firstaid:bandage":16,"alexsmobs:animal_dictionary":1,"minecraft:pointed_dripstone":1,"minecraft:iron_bars":1,"minecraft:polished_granite":1,"jeg:pistol_ammo":64},"minecraft:used":{"minecraft:stone_sword":75,"minecraft:stone_shovel":131,"minecraft:stone_pickaxe":25,"minecraft:wooden_pickaxe":16,"minecraft:sand":64,"minecraft:cobblestone":1,"minecraft:crafting_table":2,"minecraft:oak_sapling":5,"jeg:revolver":11},"minecraft:picked_up":{"minecraft:raw_iron":4,"minecraft:stick":4,"minecraft:crafting_table":1,"minecraft:chicken":2,"minecraft:sand":130,"minecraft:oak_log":10,"minecraft:pointed_dripstone":1,"minecraft:gunpowder":1,"alexsmobs:animal_dictionary":1,"minecraft:polished_granite":1,"minecraft:bone":2,"minecraft:rotten_flesh":5,"minecraft:apple":1,"minecraft:wheat_seeds":2,"minecraft:oak_sapling":5,"minecraft:iron_bars":1,"minecraft:coal":10,"minecraft:cobblestone":25},"minecraft:crafted":{"minecraft:oak_planks":40,"minecraft:stone_shovel":1,"minecraft:crafting_table":1,"minecraft:stick":4,"minecraft:wooden_pickaxe":1,"minecraft:stone_pickaxe":1,"minecraft:stone_sword":1},"minecraft:killed_by":{"alexsmobs:froststalker":1,"minecraft:zombie":5},"minecraft:mined":{"minecraft:iron_ore":4,"minecraft:fire":4,"minecraft:crafting_table":1,"minecraft:oak_log":10,"minecraft:coal_ore":10,"minecraft:sand":131,"minecraft:cobblestone":7,"minecraft:stone":19,"minecraft:oak_leaves":4,"minecraft:spawner":1},"minecraft:killed":{"minecraft:zombie":4,"minecraft:chicken":2,"minecraft:drowned":2},"minecraft:custom":{"minecraft:time_since_rest":5941,"minecraft:sprint_one_cm":51329,"minecraft:damage_taken":1321,"minecraft:walk_one_cm":108591,"minecraft:trigger_trapped_chest":5,"minecraft:mob_kills":8,"minecraft:drop":7,"minecraft:damage_dealt":1530,"minecraft:interact_with_crafting_table":3,"minecraft:swim_one_cm":30175,"minecraft:fly_one_cm":59135,"minecraft:open_barrel":3,"minecraft:open_chest":7,"minecraft:crouch_one_cm":2662,"minecraft:play_time":39071,"minecraft:deaths":6,"minecraft:sneak_time":1420,"minecraft:walk_under_water_one_cm":12195,"minecraft:jump":479,"minecraft:time_since_death":5908,"minecraft:walk_on_water_one_cm":71850,"minecraft:total_world_time":39071,"minecraft:climb_one_cm":90,"minecraft:fall_one_cm":4672},"minecraft:broken":{"minecraft:stone_shovel":1}},"DataVersion":3465}