{"stats":{"minecraft:dropped":{"minecraft:stone_axe":1,"alexsmobs:animal_dictionary":1,"minecraft:pointed_dripstone":1,"jeg:revolver":1,"firstaid:bandage":16,"minecraft:iron_bars":1,"jeg:pistol_ammo":64,"minecraft:polished_granite":1},"minecraft:used":{"minecraft:stone_sword":96,"minecraft:stone_shovel":131,"minecraft:stone_pickaxe":263,"minecraft:oak_planks":24,"minecraft:chest":2,"minecraft:wooden_pickaxe":16,"minecraft:torch":12,"minecraft:sand":121,"minecraft:crafting_table":4,"minecraft:white_bed":1,"minecraft:apple":1,"jeg:scrap_workbench":1,"minecraft:stone_axe":110,"minecraft:cobblestone":98,"minecraft:furnace":1,"minecraft:oak_sapling":16,"jeg:revolver":11,"immersive_aircraft:biplane":1},"minecraft:picked_up":{"minecraft:crafting_table":3,"minecraft:chicken":2,"minecraft:oak_log":99,"jeg:scrap":5,"minecraft:gunpowder":1,"minecraft:raw_copper":11,"minecraft:polished_granite":1,"minecraft:bone":3,"minecraft:apple":2,"minecraft:wheat_seeds":2,"minecraft:spruce_planks":3,"minecraft:oak_planks":1,"minecraft:stick":6,"minecraft:raw_iron":7,"minecraft:torch":4,"minecraft:sand":143,"minecraft:pointed_dripstone":1,"minecraft:white_bed":1,"minecraft:dark_oak_log":3,"alexsmobs:animal_dictionary":1,"minecraft:dark_oak_planks":3,"minecraft:rotten_flesh":8,"minecraft:stone_axe":1,"minecraft:oak_sapling":20,"minecraft:coal":51,"minecraft:iron_bars":1,"minecraft:cobblestone":194},"minecraft:crafted":{"immersive_aircraft:engine":1,"minecraft:smooth_stone":3,"minecraft:oak_planks":92,"minecraft:stone_shovel":1,"immersive_aircraft:boiler":1,"minecraft:crafting_table":3,"minecraft:wooden_pickaxe":1,"minecraft:furnace":3,"immersive_aircraft:biplane":1,"minecraft:blast_furnace":1,"minecraft:piston":2,"minecraft:copper_ingot":8,"minecraft:stone":4,"minecraft:stone_axe":1,"immersive_aircraft:propeller":1,"minecraft:air":0,"jeg:scrap_block":1,"jeg:scrap_workbench":1,"minecraft:stick":12,"immersive_aircraft:hull":3,"minecraft:stone_pickaxe":2,"minecraft:stone_sword":1,"minecraft:chest":2,"minecraft:torch":16},"minecraft:killed_by":{"alexsmobs:froststalker":1,"minecraft:zombie":5,"minecraft:drowned":1},"minecraft:mined":{"minecraft:white_bed":1,"minecraft:oak_sapling":1,"jeg:scrap_ore":2,"minecraft:crafting_table":2,"minecraft:torch":1,"minecraft:copper_ore":3,"minecraft:cobblestone":171,"minecraft:oak_planks":1,"minecraft:wall_torch":3,"minecraft:spawner":1,"minecraft:iron_ore":7,"minecraft:fire":5,"minecraft:coal_ore":51,"minecraft:oak_log":99,"minecraft:sand":144,"minecraft:stone":41,"minecraft:oak_leaves":25},"minecraft:killed":{"minecraft:zombie":5,"minecraft:chicken":2,"minecraft:drowned":4},"minecraft:custom":{"minecraft:interact_with_smithing_table":1,"minecraft:interact_with_furnace":10,"minecraft:mob_kills":12,"minecraft:interact_with_crafting_table":21,"minecraft:open_barrel":3,"minecraft:time_since_death":43865,"minecraft:climb_one_cm":90,"minecraft:time_since_rest":43893,"minecraft:sprint_one_cm":76391,"minecraft:damage_taken":1938,"minecraft:walk_one_cm":206051,"minecraft:trigger_trapped_chest":5,"minecraft:drop":8,"minecraft:damage_dealt":2266,"minecraft:swim_one_cm":64881,"minecraft:fly_one_cm":81997,"minecraft:open_chest":30,"minecraft:crouch_one_cm":34125,"minecraft:play_time":99071,"minecraft:deaths":8,"minecraft:sneak_time":10156,"minecraft:walk_under_water_one_cm":48089,"minecraft:jump":757,"minecraft:walk_on_water_one_cm":85422,"minecraft:total_world_time":99071,"minecraft:fall_one_cm":20028},"minecraft:broken":{"minecraft:stone_pickaxe":2,"minecraft:stone_shovel":1}},"DataVersion":3465}