{"stats":{"minecraft:dropped":{"firstaid:bandage":16,"minecraft:phantom_membrane":1,"minecraft:stone_axe":1,"alexsmobs:animal_dictionary":1,"minecraft:pointed_dripstone":1,"jeg:revolver":1,"better_mob_food:cooked_flesh":29,"minecraft:spider_eye":2,"minecraft:iron_bars":1,"jeg:pistol_ammo":64,"minecraft:polished_granite":1},"minecraft:picked_up":{"minecraft:iron_chestplate":1,"minecraft:crafting_table":4,"minecraft:leather_leggings":1,"minecraft:chicken":2,"minecraft:polished_deepslate":2,"minecraft:string":4,"minecraft:raw_copper":155,"immersive_aircraft:biplane":3,"graveyard:corruption":2,"minecraft:spruce_planks":15,"minecraft:redstone_torch":2,"minecraft:enchanted_golden_apple":1,"minecraft:sugar_cane":5,"minecraft:phantom_membrane":1,"minecraft:egg":2,"minecraft:stick":6,"minecraft:raw_iron":75,"minecraft:torch":7,"minecraft:porkchop":11,"minecraft:lightning_rod":2,"minecraft:pointed_dripstone":1,"minecraft:redstone":42,"minecraft:dark_oak_planks":3,"minecraft:rotten_flesh":61,"minecraft:iron_bars":1,"minecraft:cobblestone":236,"minecraft:leather_chestplate":2,"minecraft:glow_ink_sac":3,"minecraft:andesite":24,"minecraft:flint":1,"alexsmobs:cachalot_whale_tooth":1,"minecraft:oak_log":99,"jeg:scrap":75,"minecraft:gunpowder":10,"minecraft:lapis_lazuli":35,"minecraft:dirt":3,"minecraft:white_banner":1,"minecraft:polished_granite":1,"minecraft:bone":18,"minecraft:apple":3,"minecraft:stone_bricks":2,"minecraft:wheat_seeds":2,"jeg:tech_trash":15,"minecraft:oak_planks":1,"minecraft:gravel":42,"minecraft:sand":143,"minecraft:ink_sac":7,"minecraft:white_bed":1,"alexsmobs:animal_dictionary":1,"minecraft:dark_oak_log":3,"minecraft:spider_eye":2,"minecraft:slime_ball":2,"minecraft:stone_axe":1,"minecraft:granite":15,"minecraft:emerald":11,"minecraft:oak_sapling":20,"minecraft:coal":80},"minecraft:killed_by":{"alexsmobs:froststalker":1,"graveyard:ghoul":1,"minecraft:pillager":2,"minecraft:drowned":1,"minecraft:zombie":5},"minecraft:used":{"minecraft:stone_sword":181,"minecraft:stone_shovel":131,"minecraft:chest":3,"minecraft:shield":3,"minecraft:torch":66,"minecraft:anvil":1,"minecraft:granite":14,"better_mob_food:cooked_flesh":5,"minecraft:oak_sapling":16,"minecraft:furnace":1,"jeg:revolver":72,"immersive_aircraft:biplane":3,"minecraft:iron_leggings":1,"minecraft:stone_pickaxe":388,"minecraft:oak_planks":26,"minecraft:wooden_pickaxe":16,"minecraft:sand":121,"minecraft:crafting_table":6,"minecraft:white_bed":1,"minecraft:apple":1,"minecraft:iron_pickaxe":135,"jeg:scrap_workbench":1,"marbledsarsenal:machete":93,"minecraft:stone_axe":121,"minecraft:cobblestone":123},"minecraft:mined":{"minecraft:white_bed":1,"minecraft:oak_sapling":1,"minecraft:granite":15,"minecraft:grass_block":2,"minecraft:spawner":1,"minecraft:redstone_ore":9,"minecraft:iron_ore":76,"minecraft:fire":6,"minecraft:andesite":4,"minecraft:black_carpet":1,"minecraft:polished_deepslate":2,"minecraft:stone":80,"jeg:scrap_ore":40,"minecraft:crafting_table":3,"minecraft:torch":1,"minecraft:lightning_rod":2,"minecraft:copper_ore":44,"minecraft:cobblestone":171,"minecraft:lapis_ore":6,"minecraft:sugar_cane":4,"minecraft:oak_planks":1,"minecraft:wall_torch":4,"minecraft:grass":1,"minecraft:oak_log":99,"minecraft:coal_ore":82,"minecraft:gravel":44,"minecraft:sand":144,"minecraft:dirt":2,"minecraft:stone_bricks":2,"minecraft:oak_leaves":25},"minecraft:crafted":{"immersive_aircraft:engine":1,"marbledsarsenal:desert_military_armor_boots":1,"minecraft:oak_planks":92,"minecraft:smooth_stone":3,"minecraft:stone_shovel":1,"minecraft:furnace":3,"minecraft:blast_furnace":1,"immersive_aircraft:biplane":1,"minecraft:piston":2,"minecraft:stone":4,"marbledsarsenal:desert_military_armor_helmet":1,"jeg:scrap_workbench":1,"marbledsarsenal:machete":1,"immersive_aircraft:hull":3,"minecraft:stone_pickaxe":4,"minecraft:chest":3,"marbledsapi:steel_ingot":17,"marbledsapi:steel_sheet":8,"immersive_aircraft:boiler":1,"minecraft:crafting_table":4,"minecraft:wooden_pickaxe":1,"better_mob_food:cooked_flesh":56,"minecraft:copper_ingot":13,"marbledsarsenal:desert_military_armor_leggings":1,"minecraft:stone_axe":1,"immersive_aircraft:propeller":1,"minecraft:air":0,"jeg:scrap_block":1,"marbledsapi:raw_steel":17,"minecraft:shield":1,"minecraft:stick":36,"minecraft:iron_ingot":35,"minecraft:iron_pickaxe":1,"minecraft:stone_sword":1,"minecraft:torch":56},"minecraft:broken":{"minecraft:stone_sword":1,"minecraft:stone_pickaxe":2,"minecraft:stone_axe":1,"minecraft:stone_shovel":1},"minecraft:custom":{"minecraft:interact_with_smithing_table":5,"minecraft:mob_kills":83,"minecraft:interact_with_anvil":7,"minecraft:inspect_hopper":1,"minecraft:interact_with_crafting_table":43,"minecraft:open_barrel":6,"minecraft:leave_game":3,"minecraft:time_since_death":72559,"minecraft:climb_one_cm":90,"minecraft:sprint_one_cm":148369,"minecraft:walk_one_cm":450047,"minecraft:damage_blocked_by_shield":115,"minecraft:drop":40,"minecraft:play_time":213899,"minecraft:deaths":11,"minecraft:sneak_time":12321,"minecraft:walk_under_water_one_cm":73262,"minecraft:jump":1885,"minecraft:walk_on_water_one_cm":138947,"minecraft:total_world_time":213899,"minecraft:interact_with_furnace":53,"minecraft:time_since_rest":72601,"minecraft:damage_taken":2582,"minecraft:trigger_trapped_chest":5,"minecraft:damage_dealt":11918,"minecraft:swim_one_cm":126922,"minecraft:fly_one_cm":164545,"minecraft:open_chest":84,"minecraft:crouch_one_cm":39114,"minecraft:fall_one_cm":31560},"minecraft:killed":{"minecraft:zombie_horse":4,"minecraft:chicken":2,"minecraft:drowned":6,"minecraft:skeleton_horse":1,"minecraft:pig":5,"graveyard:ghoul":3,"minecraft:pillager":8,"minecraft:zombie":48}},"DataVersion":3465}