{"stats":{"minecraft:used":{"minecraft:dark_oak_planks":11,"minecraft:polished_andesite":1,"minecraft:iron_pickaxe":37,"minecraft:cobblestone":3,"minecraft:smithing_table":2,"minecraft:egg":1,"minecraft:smooth_stone":1},"minecraft:picked_up":{"minecraft:stick":2,"minecraft:splash_potion":1,"jeg:pistol_ammo":64,"minecraft:smithing_table":3,"jeg:scrap":34,"minecraft:dirt":1,"minecraft:dark_oak_log":3,"alexsmobs:animal_dictionary":1,"minecraft:dark_oak_planks":1,"minecraft:polished_andesite":1,"minecraft:rotten_flesh":26,"jeg:revolver":1,"minecraft:wheat_seeds":2,"minecraft:smooth_stone":1,"minecraft:iron_ingot":5,"firstaid:bandage":16,"minecraft:iron_pickaxe":1,"jeg:tech_trash":4,"minecraft:coal":18,"minecraft:cobblestone":3,"minecraft:egg":1},"minecraft:crafted":{"minecraft:stick":4,"minecraft:iron_pickaxe":1,"minecraft:dark_oak_planks":12},"minecraft:killed_by":{"minecraft:zombie":1},"minecraft:mined":{"minecraft:dark_oak_planks":1,"minecraft:smithing_table":3,"minecraft:smooth_stone":1,"horror_element_mod:rotten_body":1,"jeg:scrap_ore":8,"horror_element_mod:beheaded_body":1,"minecraft:dark_oak_log":3,"horror_element_mod:scientist_body":3,"minecraft:grass":1,"horror_element_mod:severed_hand":1,"minecraft:grass_block":1,"minecraft:coal_ore":9,"horror_element_mod:hospital_bed":1,"minecraft:glass":2,"minecraft:polished_andesite":1,"minecraft:stone":4,"minecraft:iron_trapdoor":1},"minecraft:custom":{"minecraft:time_since_rest":7147,"minecraft:interact_with_smithing_table":1,"minecraft:sprint_one_cm":33462,"minecraft:damage_taken":275,"minecraft:walk_one_cm":56883,"minecraft:inspect_hopper":1,"minecraft:damage_dealt":26,"minecraft:swim_one_cm":17597,"minecraft:interact_with_crafting_table":3,"minecraft:fly_one_cm":48413,"minecraft:open_chest":2,"minecraft:crouch_one_cm":2800,"minecraft:play_time":28374,"minecraft:deaths":1,"minecraft:sneak_time":1681,"minecraft:walk_under_water_one_cm":2970,"minecraft:jump":442,"minecraft:leave_game":3,"minecraft:time_since_death":7122,"minecraft:walk_on_water_one_cm":16807,"minecraft:climb_one_cm":11016,"minecraft:total_world_time":28374,"minecraft:fall_one_cm":13280}},"DataVersion":3465}