{"stats":{"minecraft:dropped":{"minecraft:daylight_detector":1,"minecraft:kelp":5,"minecraft:wheat_seeds":2,"alexsmobs:animal_dictionary":1,"minecraft:pointed_dripstone":1,"minecraft:oak_planks":1,"graveyard:corruption":1,"minecraft:diorite":2,"minecraft:stone_bricks":2,"minecraft:iron_bars":1,"minecraft:smooth_stone":1,"minecraft:polished_granite":1,"minecraft:stone_brick_slab":1},"minecraft:used":{"minecraft:diorite":24,"minecraft:polished_andesite":1,"minecraft:iron_sword":56,"minecraft:rotten_flesh":3,"minecraft:oak_door":1,"minecraft:torch":4,"minecraft:crafting_table":5,"minecraft:white_bed":1,"minecraft:dark_oak_planks":11,"minecraft:iron_pickaxe":127,"minecraft:stone_axe":31,"minecraft:cobblestone":29,"jeg:revolver":29,"minecraft:smithing_table":2,"minecraft:oak_boat":4,"minecraft:egg":1,"minecraft:smooth_stone":1,"minecraft:cobweb":16},"minecraft:picked_up":{"minecraft:crafting_table":4,"minecraft:splash_potion":1,"minecraft:smithing_table":3,"minecraft:oak_log":13,"jeg:scrap":34,"minecraft:gunpowder":1,"minecraft:string":13,"minecraft:dirt":7,"minecraft:polished_granite":1,"minecraft:bone":1,"jeg:revolver":1,"minecraft:stone_bricks":2,"graveyard:corruption":1,"minecraft:kelp":5,"minecraft:wheat_seeds":2,"minecraft:smooth_stone":2,"minecraft:iron_ingot":5,"minecraft:oak_boat":4,"minecraft:iron_pickaxe":1,"minecraft:sugar_cane":9,"jeg:tech_trash":4,"minecraft:egg":1,"minecraft:stick":2,"minecraft:raw_iron":4,"minecraft:oak_door":1,"minecraft:daylight_detector":1,"jeg:pistol_ammo":64,"minecraft:copper_ingot":1,"minecraft:stone_brick_slab":1,"minecraft:pointed_dripstone":1,"minecraft:diorite":26,"minecraft:dark_oak_log":3,"alexsmobs:animal_dictionary":1,"minecraft:dark_oak_planks":1,"minecraft:polished_andesite":1,"minecraft:rotten_flesh":40,"minecraft:granite":6,"firstaid:bandage":16,"minecraft:iron_bars":1,"minecraft:coal":21,"minecraft:cobblestone":32},"minecraft:crafted":{"minecraft:oak_door":3,"minecraft:oak_planks":52,"minecraft:crafting_table":2,"minecraft:stone_axe":1,"minecraft:oak_boat":1,"minecraft:white_wool":3,"minecraft:shield":1,"minecraft:stick":8,"minecraft:iron_pickaxe":1,"minecraft:white_bed":1,"minecraft:torch":4,"minecraft:dark_oak_planks":12},"minecraft:killed_by":{"minecraft:zombie":6},"minecraft:mined":{"minecraft:dark_oak_planks":1,"minecraft:smithing_table":3,"jeg:scrap_ore":8,"horror_element_mod:beheaded_body":1,"minecraft:oak_door":1,"minecraft:stone_brick_slab":1,"minecraft:dark_oak_log":3,"minecraft:polished_granite":1,"minecraft:crafting_table":4,"minecraft:granite":6,"minecraft:grass_block":2,"minecraft:glass":2,"minecraft:cobblestone":3,"minecraft:sugar_cane":4,"minecraft:diorite":26,"minecraft:spawner":2,"horror_element_mod:rotten_body":1,"minecraft:smooth_stone":2,"minecraft:iron_ore":4,"horror_element_mod:scientist_body":3,"minecraft:grass":5,"horror_element_mod:severed_hand":1,"minecraft:coal_ore":12,"minecraft:oak_log":13,"horror_element_mod:hospital_bed":1,"minecraft:iron_bars":1,"minecraft:dirt":5,"minecraft:cobweb":13,"minecraft:stone":31,"minecraft:polished_andesite":1,"minecraft:stone_bricks":3,"minecraft:daylight_detector":1,"minecraft:oak_leaves":3,"minecraft:iron_trapdoor":1},"minecraft:killed":{"graveyard:ghoul":1,"graveyard:skeleton_creeper":1,"minecraft:zombie":5,"minecraft:drowned":3},"minecraft:custom":{"minecraft:interact_with_smithing_table":1,"minecraft:mob_kills":12,"minecraft:inspect_hopper":1,"minecraft:interact_with_crafting_table":10,"minecraft:open_barrel":2,"minecraft:leave_game":3,"minecraft:time_since_death":13036,"minecraft:climb_one_cm":11678,"minecraft:time_since_rest":13061,"minecraft:sprint_one_cm":72801,"minecraft:damage_taken":1575,"minecraft:walk_one_cm":98358,"minecraft:drop":13,"minecraft:damage_dealt":2398,"minecraft:swim_one_cm":26651,"minecraft:talked_to_villager":1,"minecraft:fly_one_cm":133188,"minecraft:open_chest":8,"minecraft:crouch_one_cm":3949,"minecraft:play_time":64374,"minecraft:deaths":6,"minecraft:sneak_time":2443,"minecraft:walk_under_water_one_cm":19777,"minecraft:boat_one_cm":156285,"minecraft:jump":1091,"minecraft:walk_on_water_one_cm":65835,"minecraft:total_world_time":64374,"minecraft:fall_one_cm":28690}},"DataVersion":3465}