{"stats":{"minecraft:used":{"minecraft:dark_oak_planks":11,"minecraft:smithing_table":1,"minecraft:iron_pickaxe":10},"minecraft:picked_up":{"minecraft:rotten_flesh":13,"minecraft:smithing_table":2,"minecraft:iron_ingot":4,"minecraft:dark_oak_log":3,"minecraft:dark_oak_planks":1},"minecraft:crafted":{"minecraft:dark_oak_planks":12,"minecraft:stick":4,"minecraft:iron_pickaxe":1},"minecraft:mined":{"minecraft:smithing_table":2,"horror_element_mod:rotten_body":1,"horror_element_mod:severed_hand":1,"horror_element_mod:hospital_bed":1,"horror_element_mod:beheaded_body":1,"minecraft:glass":2,"minecraft:dark_oak_log":3,"horror_element_mod:scientist_body":3,"minecraft:dark_oak_planks":1},"minecraft:custom":{"minecraft:time_since_rest":16374,"minecraft:open_chest":2,"minecraft:interact_with_smithing_table":1,"minecraft:crouch_one_cm":1664,"minecraft:play_time":16374,"minecraft:sprint_one_cm":9653,"minecraft:damage_taken":220,"minecraft:walk_one_cm":37535,"minecraft:sneak_time":1270,"minecraft:walk_under_water_one_cm":943,"minecraft:inspect_hopper":1,"minecraft:jump":124,"minecraft:damage_dealt":26,"minecraft:leave_game":3,"minecraft:walk_on_water_one_cm":7511,"minecraft:time_since_death":16374,"minecraft:total_world_time":16374,"minecraft:interact_with_crafting_table":3,"minecraft:fall_one_cm":3162,"minecraft:fly_one_cm":8527}},"DataVersion":3465}