{"stats":{"minecraft:dropped":{"minecraft:daylight_detector":1,"minecraft:kelp":9,"minecraft:lever":1,"minecraft:wheat_seeds":2,"alexsmobs:animal_dictionary":1,"minecraft:crafting_table":1,"minecraft:pointed_dripstone":1,"minecraft:oak_planks":1,"minecraft:granite":6,"graveyard:corruption":1,"minecraft:diorite":2,"minecraft:stone_bricks":2,"minecraft:smooth_sandstone_slab":2,"minecraft:iron_bars":1,"minecraft:smooth_stone":1,"minecraft:polished_granite":1,"minecraft:stone_brick_slab":1},"minecraft:used":{"minecraft:water_bucket":115,"minecraft:diorite":24,"minecraft:flint_and_steel":14,"minecraft:waxed_oxidized_cut_copper":1,"minecraft:polished_andesite":1,"minecraft:oak_planks":29,"minecraft:chest":2,"minecraft:spruce_planks":6,"minecraft:iron_sword":171,"minecraft:rotten_flesh":3,"minecraft:oak_door":1,"minecraft:torch":4,"minecraft:crafting_table":7,"minecraft:white_bed":2,"minecraft:redstone_torch":2,"minecraft:dark_oak_planks":11,"minecraft:iron_pickaxe":157,"minecraft:coal_block":1,"minecraft:cobblestone":44,"minecraft:stone_axe":58,"minecraft:smithing_table":3,"jeg:revolver":38,"minecraft:bucket":116,"minecraft:oak_boat":5,"minecraft:egg":1,"minecraft:smooth_stone":1,"minecraft:cobweb":16},"minecraft:picked_up":{"minecraft:waxed_oxidized_cut_copper":9,"minecraft:crafting_table":6,"minecraft:splash_potion":1,"minecraft:smithing_table":4,"minecraft:oak_log":13,"jeg:scrap":34,"minecraft:golden_boots":1,"minecraft:gunpowder":2,"minecraft:dirt":7,"minecraft:string":15,"minecraft:polished_granite":1,"minecraft:bone":2,"jeg:revolver":1,"minecraft:stone_bricks":2,"graveyard:corruption":1,"minecraft:kelp":9,"minecraft:wheat_seeds":2,"minecraft:smooth_stone":2,"minecraft:iron_ingot":5,"minecraft:oak_boat":5,"minecraft:redstone_torch":4,"minecraft:iron_pickaxe":1,"minecraft:sugar_cane":9,"minecraft:chest":2,"minecraft:oak_planks":15,"jeg:tech_trash":4,"minecraft:egg":1,"minecraft:stick":2,"minecraft:raw_iron":4,"minecraft:oak_door":4,"minecraft:daylight_detector":1,"jeg:pistol_ammo":64,"minecraft:copper_ingot":1,"minecraft:stone_brick_slab":1,"minecraft:torch":1,"minecraft:sand":26,"minecraft:pointed_dripstone":1,"minecraft:diorite":26,"minecraft:white_bed":1,"minecraft:dark_oak_log":3,"minecraft:golden_chestplate":1,"alexsmobs:animal_dictionary":1,"minecraft:dark_oak_planks":1,"minecraft:smooth_sandstone_slab":2,"minecraft:polished_andesite":1,"minecraft:rotten_flesh":62,"minecraft:cut_copper":1,"minecraft:lever":2,"minecraft:granite":6,"firstaid:bandage":16,"minecraft:iron_bars":1,"minecraft:coal":21,"minecraft:cobblestone":48},"minecraft:crafted":{"minecraft:oak_door":3,"minecraft:oak_planks":52,"minecraft:coal":36,"minecraft:crafting_table":2,"minecraft:bucket":8,"minecraft:stone_axe":1,"minecraft:oak_boat":1,"minecraft:white_wool":3,"minecraft:shield":1,"minecraft:stick":8,"minecraft:iron_pickaxe":1,"minecraft:white_bed":1,"minecraft:torch":4,"minecraft:dark_oak_planks":12},"minecraft:killed_by":{"minecraft:zombie":10},"minecraft:mined":{"minecraft:dark_oak_planks":1,"minecraft:smithing_table":4,"minecraft:white_bed":1,"jeg:scrap_ore":8,"horror_element_mod:beheaded_body":1,"minecraft:oak_door":1,"minecraft:dark_oak_log":3,"minecraft:stone_brick_slab":1,"minecraft:polished_granite":1,"minecraft:crafting_table":5,"minecraft:granite":6,"minecraft:grass_block":2,"minecraft:chest":2,"minecraft:polished_diorite_slab":1,"minecraft:glass":4,"minecraft:cobblestone":13,"minecraft:oak_planks":15,"minecraft:sugar_cane":4,"minecraft:smooth_sandstone_slab":1,"minecraft:diorite":26,"minecraft:spawner":4,"horror_element_mod:rotten_body":1,"minecraft:smooth_stone":2,"minecraft:waxed_oxidized_cut_copper":9,"minecraft:iron_ore":4,"minecraft:fire":1,"horror_element_mod:scientist_body":3,"minecraft:grass":5,"horror_element_mod:severed_hand":1,"minecraft:oak_log":13,"minecraft:coal_ore":12,"horror_element_mod:hospital_bed":1,"minecraft:iron_bars":1,"minecraft:sand":1,"minecraft:dirt":5,"minecraft:cobweb":13,"minecraft:cut_copper":1,"minecraft:stone":31,"minecraft:stone_bricks":3,"minecraft:polished_andesite":1,"minecraft:daylight_detector":1,"minecraft:oak_leaves":3,"minecraft:iron_trapdoor":4},"minecraft:killed":{"graveyard:ghoul":1,"graveyard:skeleton_creeper":1,"minecraft:zombie":22,"minecraft:drowned":4},"minecraft:custom":{"minecraft:interact_with_smithing_table":2,"minecraft:interact_with_furnace":2,"minecraft:mob_kills":33,"minecraft:inspect_hopper":1,"minecraft:interact_with_crafting_table":12,"minecraft:open_barrel":4,"minecraft:damage_dealt_resisted":237,"minecraft:leave_game":4,"minecraft:time_since_death":2209,"minecraft:climb_one_cm":12598,"minecraft:time_since_rest":2236,"minecraft:sprint_one_cm":78098,"minecraft:damage_taken":3628,"minecraft:walk_one_cm":122384,"minecraft:drop":19,"minecraft:damage_dealt":7120,"minecraft:damage_dealt_absorbed":81,"minecraft:swim_one_cm":43668,"minecraft:fly_one_cm":144746,"minecraft:talked_to_villager":1,"minecraft:open_chest":36,"minecraft:play_time":100219,"minecraft:crouch_one_cm":21657,"minecraft:sneak_time":8148,"minecraft:deaths":14,"minecraft:walk_under_water_one_cm":85921,"minecraft:boat_one_cm":156285,"minecraft:jump":1541,"minecraft:walk_on_water_one_cm":127427,"minecraft:total_world_time":100219,"minecraft:fall_one_cm":42245}},"DataVersion":3465}