{"stats":{"minecraft:dropped":{"minecraft:daylight_detector":1,"minecraft:iron_sword":2,"minecraft:piston":1,"minecraft:crafting_table":3,"minecraft:glow_berries":1,"marbledsarsenal:desert_military_armor_chestplate":1,"minecraft:cracked_stone_bricks":6,"minecraft:saddle":1,"jeg:scrap":46,"minecraft:quartz_pillar":2,"graveyard:corruption":1,"minecraft:leather_helmet":1,"minecraft:emerald":1,"minecraft:dirt":12,"minecraft:dark_oak_log":6,"minecraft:stone_button":7,"minecraft:mutton":10,"minecraft:cut_copper":1,"minecraft:wooden_sword":1,"minecraft:phantom_membrane":1,"minecraft:dark_oak_planks":20,"jeg:tech_trash":5,"minecraft:bone":5,"minecraft:stone_axe":1,"minecraft:sugar_cane":28,"minecraft:lever":2,"minecraft:golden_chestplate":1,"alexsmobs:animal_dictionary":1,"minecraft:cobbled_deepslate":10,"minecraft:pointed_dripstone":1,"minecraft:rotten_flesh":166,"minecraft:oak_planks":19,"minecraft:enchanted_golden_apple":1,"marbledsarsenal:desert_military_armor_helmet":1,"minecraft:chainmail_chestplate":1,"jeg:revolver":1,"minecraft:gunpowder":21,"minecraft:skeleton_skull":1,"minecraft:charcoal":66,"minecraft:iron_bars":1,"minecraft:beef":9,"minecraft:polished_granite":2,"minecraft:egg":2,"minecraft:golden_boots":1,"minecraft:water_bucket":4,"minecraft:iron_ingot":143,"minecraft:bread":9,"minecraft:oak_slab":17,"minecraft:wheat_seeds":3,"minecraft:waxed_oxidized_cut_copper_stairs":1,"minecraft:cobblestone":51,"minecraft:book":9,"minecraft:granite":6,"marbledsarsenal:desert_military_armor_boots":1,"minecraft:coal":41,"minecraft:stick":8,"minecraft:diorite":2,"minecraft:iron_trapdoor":1,"minecraft:torch":2,"minecraft:iron_leggings":2,"minecraft:potion":20,"minecraft:smooth_sandstone_slab":24,"minecraft:smooth_stone":38,"minecraft:string":9,"minecraft:bucket":3,"minecraft:redstone":22,"minecraft:stone_brick_slab":1,"minecraft:smooth_basalt":16,"minecraft:kelp":15,"minecraft:polished_diorite_slab":1,"minecraft:cobblestone_slab":18,"minecraft:spruce_planks":15,"minecraft:redstone_torch":1,"minecraft:spider_eye":4,"minecraft:stone_bricks":4,"minecraft:barrel":2,"minecraft:cracked_deepslate_bricks":1},"minecraft:picked_up":{"minecraft:iron_chestplate":1,"minecraft:iron_trapdoor":1,"minecraft:smithing_table":5,"minecraft:potion":3,"minecraft:enchanted_book":1,"minecraft:polished_deepslate":3,"minecraft:music_disc_cat":1,"minecraft:string":85,"minecraft:raw_copper":14,"minecraft:smooth_stone_slab":2,"minecraft:iron_leggings":1,"jeg:revolver":1,"minecraft:cobbled_deepslate":75,"minecraft:smooth_stone":41,"minecraft:bucket":2,"minecraft:spruce_planks":32,"minecraft:redstone_torch":5,"minecraft:cobblestone_slab":23,"minecraft:iron_pickaxe":1,"minecraft:coal_block":37,"minecraft:furnace":7,"minecraft:stick":6,"jeg:gunmetal_ingot":10,"jeg:pistol_ammo":214,"minecraft:torch":16,"minecraft:porkchop":13,"minecraft:lightning_rod":2,"minecraft:diorite":27,"minecraft:pointed_dripstone":1,"minecraft:music_disc_pigstep":1,"minecraft:golden_chestplate":1,"minecraft:rotten_flesh":435,"minecraft:obsidian":16,"minecraft:iron_bars":1,"minecraft:cobblestone":182,"minecraft:leather_chestplate":1,"minecraft:polished_diorite_slab":1,"minecraft:andesite":37,"minecraft:flint":244,"jeg:scrap":105,"minecraft:lapis_lazuli":66,"minecraft:dirt":12,"minecraft:polished_granite":2,"minecraft:bone":85,"minecraft:chipped_anvil":1,"minecraft:wheat_seeds":6,"minecraft:raw_gold":10,"better_mob_food:cooked_flesh":50,"jeg:gunnite_ingot":12,"jeg:gunnite_workbench":1,"minecraft:oak_planks":91,"minecraft:sand":26,"minecraft:ink_sac":7,"minecraft:dark_oak_log":6,"alexsmobs:animal_dictionary":2,"minecraft:barrel":8,"minecraft:mossy_cobblestone":4,"minecraft:polished_andesite":4,"minecraft:diamond":13,"minecraft:deepslate":1,"minecraft:spruce_boat":3,"jeg:custom_smg":1,"minecraft:lever":2,"jeg:repair_kit":1,"minecraft:granite":6,"minecraft:emerald":14,"minecraft:bread":6,"minecraft:oak_sapling":4,"minecraft:waxed_oxidized_cut_copper":17,"minecraft:charcoal":124,"jeg:makeshift_stock":1,"minecraft:crafting_table":11,"minecraft:chicken":1,"minecraft:ladder":2,"minecraft:splash_potion":1,"minecraft:nether_wart":7,"minecraft:leather_leggings":1,"minecraft:wooden_pickaxe":1,"jeg:scrap_workbench":1,"minecraft:wooden_sword":1,"graveyard:corruption":4,"minecraft:cracked_stone_bricks":6,"minecraft:beef":18,"minecraft:oak_boat":5,"minecraft:spruce_slab":1,"minecraft:sugar_cane":28,"minecraft:chest":4,"minecraft:piston":1,"minecraft:phantom_membrane":2,"minecraft:egg":7,"minecraft:raw_iron":4,"minecraft:stone":1,"minecraft:oak_door":7,"minecraft:copper_ingot":1,"minecraft:music_disc_mellohi":1,"sophisticatedbackpacks:backpack":1,"minecraft:quartz_pillar":3,"minecraft:stone_button":7,"minecraft:carrot":396,"minecraft:redstone":8,"minecraft:dark_oak_planks":18,"minecraft:smooth_sandstone_slab":24,"jeg:healing_talisman":3,"man_of_many_planes:scarlet_biplane":1,"minecraft:diamond_chestplate":1,"minecraft:cut_copper":1,"minecraft:waxed_oxidized_cut_copper_stairs":1,"jeg:gunmetal_workbench":1,"minecraft:cracked_deepslate_bricks":1,"minecraft:saddle":3,"minecraft:gold_ingot":38,"firstaid:bandage":16,"minecraft:glow_berries":1,"minecraft:mutton":10,"minecraft:skeleton_skull":2,"minecraft:white_wool":5,"minecraft:basalt":9,"minecraft:glow_ink_sac":3,"minecraft:leather":5,"alexsmobs:cachalot_whale_tooth":1,"minecraft:oak_log":13,"minecraft:chainmail_chestplate":1,"minecraft:golden_boots":1,"minecraft:gunpowder":96,"minecraft:white_banner":2,"minecraft:apple":1,"minecraft:stone_bricks":6,"minecraft:kelp":31,"minecraft:iron_ingot":148,"minecraft:cobweb":20,"marbledsapi:steel_ingot":17,"minecraft:iron_sword":1,"jeg:tech_trash":10,"minecraft:book":18,"minecraft:oak_slab":44,"minecraft:smooth_basalt":16,"minecraft:daylight_detector":1,"minecraft:stone_brick_slab":1,"minecraft:gravel":44,"minecraft:white_bed":2,"minecraft:spider_eye":11,"minecraft:leather_helmet":2,"minecraft:slime_ball":75,"minecraft:coal":126,"minecraft:ender_pearl":3},"minecraft:killed_by":{"minecraft:zombie":25,"minecraft:player":1},"minecraft:used":{"minecraft:spruce_slab":19,"minecraft:ladder":4,"minecraft:chest":4,"minecraft:shield":10,"minecraft:iron_sword":553,"minecraft:rotten_flesh":3,"jeg:custom_smg":39,"minecraft:obsidian":12,"minecraft:spruce_boat":3,"minecraft:lava_bucket":19,"jeg:healing_talisman":3,"minecraft:furnace":10,"jeg:revolver":62,"minecraft:egg":2,"minecraft:diorite":25,"minecraft:oak_planks":198,"minecraft:diamond_axe":90,"jeg:gunmetal_workbench":1,"minecraft:redstone_torch":2,"minecraft:diamond_sword":85,"minecraft:coal_block":9,"minecraft:smithing_table":5,"minecraft:oak_boat":5,"minecraft:cobweb":16,"minecraft:enchanting_table":1,"minecraft:flint_and_steel":35,"minecraft:spruce_planks":10,"minecraft:oak_door":1,"minecraft:torch":22,"minecraft:dirt":3,"jeg:gunnite_workbench":1,"minecraft:dark_oak_planks":12,"minecraft:chipped_anvil":1,"better_mob_food:cooked_flesh":5,"minecraft:barrel":5,"minecraft:basalt":1,"minecraft:cobbled_deepslate":63,"minecraft:water_bucket":288,"minecraft:polished_andesite":3,"minecraft:waxed_oxidized_cut_copper":1,"minecraft:cobblestone_slab":65,"minecraft:oak_slab":141,"minecraft:crafting_table":11,"minecraft:white_bed":3,"minecraft:diamond_pickaxe":92,"man_of_many_planes:scarlet_biplane":1,"minecraft:iron_pickaxe":245,"jeg:scrap_workbench":1,"minecraft:stone_axe":97,"minecraft:cobblestone":46,"minecraft:bucket":313,"minecraft:smooth_stone":2},"minecraft:crafted":{"marbledsarsenal:desert_military_armor_boots":2,"minecraft:oak_planks":200,"minecraft:cobblestone_slab":60,"minecraft:stone":2,"jeg:gunmetal_ingot":2,"minecraft:repeater":1,"minecraft:chest":1,"marbledsapi:steel_ingot":38,"minecraft:oak_slab":114,"minecraft:deepslate":1,"sophisticatedbackpacks:backpack":1,"minecraft:diamond_axe":1,"minecraft:crafting_table":4,"minecraft:copper_ingot":128,"marbledsapi:raw_steel":53,"minecraft:diamond_pickaxe":1,"minecraft:shield":1,"sophisticatedbackpacks:diamond_backpack":2,"minecraft:stick":28,"minecraft:iron_ingot":25,"minecraft:iron_pickaxe":1,"minecraft:golden_carrot":16,"minecraft:oak_door":3,"minecraft:coal":99,"minecraft:furnace":3,"marbledsarsenal:desert_military_armor_helmet":2,"minecraft:ladder":3,"minecraft:spruce_slab":18,"minecraft:spruce_boat":1,"minecraft:dark_oak_planks":28,"sophisticatedbackpacks:iron_backpack":2,"marbledsapi:steel_sheet":8,"minecraft:diamond_sword":1,"minecraft:enchanting_table":1,"better_mob_food:cooked_flesh":3,"sophisticatedbackpacks:gold_backpack":2,"minecraft:bucket":8,"minecraft:stone_axe":1,"marbledsarsenal:desert_military_armor_leggings":1,"marbledsarsenal:desert_military_armor_chestplate":2,"minecraft:air":0,"minecraft:bread":2,"minecraft:oak_boat":1,"minecraft:white_wool":9,"minecraft:gold_nugget":135,"firstaid:bandage":2,"jeg:gunmetal_nugget":18,"minecraft:white_bed":2,"minecraft:torch":20},"minecraft:mined":{"minecraft:dark_oak_planks":1,"minecraft:white_bed":2,"minecraft:obsidian":16,"minecraft:cave_vines_plant":1,"minecraft:granite":6,"minecraft:grass_block":6,"minecraft:coal_block":4,"minecraft:spawner":9,"horror_element_mod:rotten_body":1,"minecraft:smooth_stone":19,"minecraft:cobbled_deepslate":8,"minecraft:iron_ore":4,"minecraft:fire":2,"minecraft:barrel":5,"horror_element_mod:severed_hand":1,"minecraft:cave_vines":2,"minecraft:iron_bars":1,"minecraft:spruce_slab":1,"horror_element_mod:beheaded_body":1,"minecraft:powder_snow":9,"minecraft:torch":3,"minecraft:chest":4,"minecraft:polished_diorite_slab":2,"minecraft:glass":4,"minecraft:cobblestone":29,"minecraft:sugar_cane":4,"minecraft:oak_planks":64,"minecraft:smooth_sandstone_slab":6,"minecraft:wall_torch":1,"minecraft:waxed_oxidized_cut_copper_stairs":1,"minecraft:grass":10,"minecraft:oak_log":13,"minecraft:sand":1,"minecraft:dirt":6,"minecraft:piston":1,"minecraft:oak_leaves":4,"minecraft:daylight_detector":1,"minecraft:deepslate_diamond_ore":9,"minecraft:oak_door":1,"minecraft:dark_oak_log":3,"minecraft:white_stained_glass":3,"minecraft:redstone_wire":1,"minecraft:spruce_leaves":4,"minecraft:kelp":4,"minecraft:large_fern":1,"minecraft:waxed_oxidized_cut_copper":9,"minecraft:furnace":7,"minecraft:carrots":98,"horror_element_mod:scientist_body":3,"minecraft:polished_deepslate":1,"minecraft:bookshelf":3,"minecraft:cobblestone_slab":4,"minecraft:cut_copper":1,"minecraft:stone":91,"minecraft:smithing_table":5,"minecraft:oak_slab":46,"jeg:scrap_ore":14,"minecraft:basalt":1,"minecraft:stone_brick_slab":1,"minecraft:polished_granite":1,"minecraft:crafting_table":9,"minecraft:tall_grass":3,"minecraft:cracked_deepslate_bricks":1,"minecraft:diorite":27,"jeg:deepslate_scrap_ore":1,"jeg:scrap_workbench":1,"minecraft:gray_bed":2,"minecraft:birch_leaves":1,"minecraft:quartz_pillar":3,"minecraft:coal_ore":12,"horror_element_mod:hospital_bed":1,"minecraft:cobweb":13,"minecraft:polished_andesite":3,"minecraft:stone_bricks":3,"minecraft:chipped_anvil":1,"minecraft:iron_trapdoor":5},"minecraft:broken":{"minecraft:iron_sword":2,"minecraft:iron_pickaxe":1},"minecraft:custom":{"minecraft:interact_with_crafting_table":70,"minecraft:open_barrel":109,"minecraft:leave_game":10,"minecraft:time_since_death":10807,"minecraft:sprint_one_cm":308172,"minecraft:damage_blocked_by_shield":505,"minecraft:drop":215,"minecraft:talked_to_villager":1,"minecraft:play_time":336327,"minecraft:deaths":40,"minecraft:jump":4934,"minecraft:walk_on_water_one_cm":320465,"minecraft:enchant_item":4,"minecraft:interact_with_furnace":83,"minecraft:damage_dealt":25840,"minecraft:crouch_one_cm":56953,"minecraft:interact_with_smithing_table":4,"minecraft:mob_kills":160,"minecraft:interact_with_anvil":3,"minecraft:inspect_hopper":1,"minecraft:damage_dealt_resisted":390,"minecraft:climb_one_cm":25488,"minecraft:walk_one_cm":481982,"minecraft:damage_dealt_absorbed":106,"minecraft:sneak_time":19783,"minecraft:walk_under_water_one_cm":252103,"minecraft:boat_one_cm":232613,"minecraft:interact_with_blast_furnace":5,"minecraft:total_world_time":336327,"minecraft:time_since_rest":10834,"minecraft:damage_taken":10232,"minecraft:swim_one_cm":288320,"minecraft:fly_one_cm":537483,"minecraft:open_chest":136,"minecraft:fall_one_cm":132812},"minecraft:killed":{"graveyard:skeleton_creeper":1,"minecraft:zombie_horse":1,"minecraft:skeleton_horse":1,"jeg:ghoul":2,"minecraft:sheep":5,"minecraft:pillager":2,"minecraft:zombie":120,"minecraft:cow":4,"minecraft:horse":2,"minecraft:drowned":6,"graveyard:ghoul":1}},"DataVersion":3465}