{"stats":{"minecraft:picked_up":{"minecraft:crafting_table":8,"minecraft:waxed_oxidized_cut_copper":9,"minecraft:splash_potion":1,"minecraft:ladder":1,"minecraft:smithing_table":4,"minecraft:potion":2,"minecraft:string":22,"jeg:revolver":1,"graveyard:corruption":1,"minecraft:smooth_stone":9,"minecraft:spruce_planks":12,"minecraft:beef":9,"minecraft:oak_boat":5,"minecraft:redstone_torch":4,"minecraft:iron_pickaxe":1,"minecraft:coal_block":3,"minecraft:sugar_cane":9,"minecraft:chest":2,"minecraft:piston":1,"minecraft:egg":3,"minecraft:stick":2,"minecraft:raw_iron":4,"minecraft:oak_door":4,"jeg:pistol_ammo":64,"minecraft:copper_ingot":1,"minecraft:torch":4,"minecraft:pointed_dripstone":1,"minecraft:diorite":26,"minecraft:golden_chestplate":1,"minecraft:dark_oak_planks":18,"minecraft:smooth_sandstone_slab":2,"man_of_many_planes:scarlet_biplane":1,"minecraft:rotten_flesh":67,"minecraft:cut_copper":1,"minecraft:cracked_deepslate_bricks":1,"firstaid:bandage":16,"minecraft:iron_bars":1,"minecraft:skeleton_skull":1,"minecraft:cobblestone":109,"minecraft:polished_diorite_slab":1,"minecraft:leather":5,"minecraft:flint":52,"minecraft:oak_log":13,"jeg:scrap":34,"minecraft:golden_boots":1,"minecraft:gunpowder":2,"minecraft:dirt":8,"minecraft:white_banner":1,"minecraft:polished_granite":1,"minecraft:bone":5,"minecraft:stone_bricks":2,"minecraft:kelp":21,"minecraft:wheat_seeds":2,"better_mob_food:cooked_flesh":29,"minecraft:iron_ingot":10,"marbledsapi:steel_ingot":17,"jeg:tech_trash":4,"minecraft:oak_planks":27,"minecraft:oak_slab":16,"minecraft:daylight_detector":1,"minecraft:stone_brick_slab":1,"minecraft:sand":26,"minecraft:white_bed":1,"minecraft:dark_oak_log":6,"alexsmobs:animal_dictionary":1,"minecraft:barrel":4,"minecraft:polished_andesite":3,"minecraft:lever":2,"minecraft:granite":6,"minecraft:coal":21},"minecraft:dropped":{"minecraft:golden_boots":1,"minecraft:daylight_detector":1,"minecraft:piston":1,"minecraft:wheat_seeds":2,"minecraft:crafting_table":3,"minecraft:cobblestone":2,"minecraft:granite":6,"graveyard:corruption":1,"minecraft:dirt":10,"minecraft:dark_oak_log":6,"minecraft:diorite":2,"minecraft:torch":1,"minecraft:cut_copper":1,"minecraft:smooth_sandstone_slab":2,"minecraft:smooth_stone":7,"minecraft:dark_oak_planks":20,"minecraft:stone_brick_slab":1,"minecraft:bone":1,"minecraft:kelp":14,"minecraft:lever":2,"minecraft:golden_chestplate":1,"minecraft:polished_diorite_slab":1,"alexsmobs:animal_dictionary":1,"minecraft:pointed_dripstone":1,"minecraft:rotten_flesh":5,"minecraft:oak_planks":1,"minecraft:enchanted_golden_apple":1,"minecraft:spruce_planks":15,"minecraft:stone_bricks":2,"minecraft:barrel":2,"minecraft:iron_bars":1,"minecraft:cracked_deepslate_bricks":1,"minecraft:polished_granite":1,"minecraft:egg":1},"minecraft:killed_by":{"minecraft:zombie":14},"minecraft:used":{"minecraft:flint_and_steel":14,"minecraft:ladder":3,"minecraft:chest":2,"minecraft:spruce_planks":10,"minecraft:shield":4,"minecraft:iron_sword":281,"minecraft:rotten_flesh":3,"minecraft:oak_door":1,"minecraft:torch":17,"minecraft:dirt":1,"minecraft:dark_oak_planks":12,"minecraft:barrel":2,"jeg:revolver":47,"minecraft:egg":2,"minecraft:water_bucket":203,"minecraft:diorite":24,"minecraft:oak_planks":158,"minecraft:polished_andesite":3,"minecraft:waxed_oxidized_cut_copper":1,"minecraft:oak_slab":97,"minecraft:crafting_table":8,"minecraft:white_bed":2,"minecraft:redstone_torch":2,"man_of_many_planes:scarlet_biplane":1,"minecraft:iron_pickaxe":245,"minecraft:stone_axe":97,"minecraft:coal_block":1,"minecraft:cobblestone":44,"minecraft:smithing_table":4,"minecraft:bucket":212,"minecraft:oak_boat":5,"minecraft:smooth_stone":2,"minecraft:cobweb":16},"minecraft:crafted":{"minecraft:oak_door":3,"marbledsarsenal:desert_military_armor_boots":1,"minecraft:oak_planks":200,"minecraft:coal":99,"marbledsarsenal:desert_military_armor_helmet":1,"minecraft:ladder":3,"minecraft:chest":1,"marbledsapi:steel_ingot":17,"minecraft:dark_oak_planks":28,"sophisticatedbackpacks:iron_backpack":1,"minecraft:oak_slab":90,"marbledsapi:steel_sheet":4,"sophisticatedbackpacks:backpack":1,"minecraft:crafting_table":3,"minecraft:bucket":8,"minecraft:stone_axe":1,"marbledsarsenal:desert_military_armor_chestplate":1,"minecraft:bread":2,"minecraft:air":0,"marbledsapi:raw_steel":21,"minecraft:oak_boat":1,"minecraft:white_wool":3,"minecraft:shield":1,"minecraft:stick":20,"minecraft:iron_pickaxe":1,"minecraft:white_bed":1,"minecraft:torch":20},"minecraft:mined":{"minecraft:dark_oak_planks":1,"minecraft:white_bed":1,"minecraft:oak_door":1,"minecraft:dark_oak_log":3,"minecraft:granite":6,"minecraft:grass_block":3,"minecraft:spawner":4,"minecraft:large_fern":1,"horror_element_mod:rotten_body":1,"minecraft:smooth_stone":16,"minecraft:waxed_oxidized_cut_copper":9,"minecraft:iron_ore":4,"minecraft:fire":1,"minecraft:barrel":2,"horror_element_mod:scientist_body":3,"horror_element_mod:severed_hand":1,"minecraft:iron_bars":1,"minecraft:cut_copper":1,"minecraft:stone":87,"minecraft:smithing_table":4,"minecraft:oak_slab":16,"jeg:scrap_ore":8,"horror_element_mod:beheaded_body":1,"minecraft:stone_brick_slab":1,"minecraft:polished_granite":1,"minecraft:crafting_table":6,"minecraft:torch":2,"minecraft:chest":2,"minecraft:polished_diorite_slab":2,"minecraft:glass":4,"minecraft:tall_grass":3,"minecraft:cobblestone":26,"minecraft:sugar_cane":4,"minecraft:oak_planks":27,"minecraft:cracked_deepslate_bricks":1,"minecraft:diorite":26,"minecraft:smooth_sandstone_slab":1,"minecraft:grass":8,"minecraft:oak_log":13,"minecraft:coal_ore":12,"horror_element_mod:hospital_bed":1,"minecraft:sand":1,"minecraft:dirt":5,"minecraft:cobweb":13,"minecraft:polished_andesite":3,"minecraft:stone_bricks":3,"minecraft:piston":1,"minecraft:oak_leaves":3,"minecraft:iron_trapdoor":4,"minecraft:daylight_detector":1},"minecraft:broken":{"minecraft:iron_sword":1,"minecraft:iron_pickaxe":1},"minecraft:custom":{"minecraft:interact_with_smithing_table":4,"minecraft:mob_kills":56,"minecraft:inspect_hopper":1,"minecraft:interact_with_crafting_table":33,"minecraft:open_barrel":23,"minecraft:damage_dealt_resisted":237,"minecraft:leave_game":9,"minecraft:time_since_death":939,"minecraft:climb_one_cm":15557,"minecraft:sprint_one_cm":123011,"minecraft:walk_one_cm":212056,"minecraft:damage_blocked_by_shield":235,"minecraft:drop":47,"minecraft:damage_dealt_absorbed":81,"minecraft:talked_to_villager":1,"minecraft:play_time":186939,"minecraft:deaths":24,"minecraft:sneak_time":13598,"minecraft:walk_under_water_one_cm":171945,"minecraft:boat_one_cm":156285,"minecraft:jump":2431,"minecraft:walk_on_water_one_cm":229713,"minecraft:total_world_time":186939,"minecraft:interact_with_furnace":18,"minecraft:time_since_rest":988,"minecraft:damage_taken":6439,"minecraft:damage_dealt":12130,"minecraft:swim_one_cm":159838,"minecraft:fly_one_cm":228612,"minecraft:open_chest":73,"minecraft:crouch_one_cm":37463,"minecraft:fall_one_cm":81726},"minecraft:killed":{"graveyard:skeleton_creeper":1,"minecraft:zombie_horse":1,"minecraft:horse":2,"minecraft:drowned":4,"minecraft:skeleton_horse":1,"graveyard:ghoul":1,"minecraft:pillager":2,"minecraft:zombie":35,"minecraft:cow":4}},"DataVersion":3465}