{"stats":{"minecraft:dropped":{"minecraft:daylight_detector":1,"minecraft:wheat_seeds":2,"alexsmobs:animal_dictionary":1,"minecraft:oak_planks":1,"minecraft:diorite":2,"minecraft:iron_bars":1,"minecraft:smooth_stone":1,"minecraft:polished_granite":1,"minecraft:stone_brick_slab":1},"minecraft:used":{"minecraft:diorite":24,"minecraft:polished_andesite":1,"minecraft:iron_sword":20,"minecraft:rotten_flesh":2,"minecraft:oak_door":1,"minecraft:torch":4,"minecraft:crafting_table":4,"minecraft:dark_oak_planks":11,"minecraft:iron_pickaxe":127,"minecraft:stone_axe":18,"minecraft:cobblestone":29,"jeg:revolver":19,"minecraft:smithing_table":2,"minecraft:oak_boat":2,"minecraft:egg":1,"minecraft:smooth_stone":1,"minecraft:cobweb":4},"minecraft:picked_up":{"minecraft:crafting_table":3,"minecraft:splash_potion":1,"minecraft:smithing_table":3,"minecraft:oak_log":6,"jeg:scrap":34,"minecraft:string":2,"minecraft:dirt":7,"minecraft:polished_granite":1,"minecraft:bone":1,"jeg:revolver":1,"minecraft:stone_bricks":2,"graveyard:corruption":1,"minecraft:wheat_seeds":2,"minecraft:smooth_stone":2,"minecraft:iron_ingot":5,"minecraft:oak_boat":2,"minecraft:iron_pickaxe":1,"jeg:tech_trash":4,"minecraft:egg":1,"minecraft:stick":2,"minecraft:raw_iron":4,"minecraft:oak_door":1,"minecraft:daylight_detector":1,"jeg:pistol_ammo":64,"minecraft:stone_brick_slab":1,"minecraft:pointed_dripstone":1,"minecraft:diorite":26,"minecraft:dark_oak_log":3,"alexsmobs:animal_dictionary":1,"minecraft:dark_oak_planks":1,"minecraft:polished_andesite":1,"minecraft:rotten_flesh":31,"minecraft:granite":6,"firstaid:bandage":16,"minecraft:iron_bars":1,"minecraft:coal":21,"minecraft:cobblestone":32},"minecraft:crafted":{"minecraft:oak_door":3,"minecraft:oak_planks":24,"minecraft:crafting_table":1,"minecraft:stone_axe":1,"minecraft:oak_boat":1,"minecraft:shield":1,"minecraft:stick":8,"minecraft:iron_pickaxe":1,"minecraft:torch":4,"minecraft:dark_oak_planks":12},"minecraft:killed_by":{"minecraft:zombie":6},"minecraft:mined":{"minecraft:dark_oak_planks":1,"minecraft:smithing_table":3,"jeg:scrap_ore":8,"horror_element_mod:beheaded_body":1,"minecraft:oak_door":1,"minecraft:stone_brick_slab":1,"minecraft:dark_oak_log":3,"minecraft:polished_granite":1,"minecraft:crafting_table":3,"minecraft:granite":6,"minecraft:grass_block":2,"minecraft:glass":2,"minecraft:cobblestone":3,"minecraft:diorite":26,"minecraft:spawner":2,"horror_element_mod:rotten_body":1,"minecraft:smooth_stone":2,"minecraft:iron_ore":4,"horror_element_mod:scientist_body":3,"minecraft:grass":2,"horror_element_mod:severed_hand":1,"minecraft:coal_ore":12,"minecraft:oak_log":6,"horror_element_mod:hospital_bed":1,"minecraft:iron_bars":1,"minecraft:dirt":5,"minecraft:cobweb":2,"minecraft:stone":31,"minecraft:polished_andesite":1,"minecraft:stone_bricks":3,"minecraft:daylight_detector":1,"minecraft:oak_leaves":3,"minecraft:iron_trapdoor":1},"minecraft:killed":{"graveyard:ghoul":1,"graveyard:skeleton_creeper":1,"minecraft:zombie":2,"minecraft:drowned":1},"minecraft:custom":{"minecraft:interact_with_smithing_table":1,"minecraft:mob_kills":7,"minecraft:inspect_hopper":1,"minecraft:interact_with_crafting_table":7,"minecraft:open_barrel":1,"minecraft:leave_game":3,"minecraft:time_since_death":1036,"minecraft:climb_one_cm":11534,"minecraft:time_since_rest":1061,"minecraft:sprint_one_cm":64917,"minecraft:damage_taken":1355,"minecraft:walk_one_cm":88598,"minecraft:drop":9,"minecraft:damage_dealt":1364,"minecraft:swim_one_cm":25213,"minecraft:talked_to_villager":1,"minecraft:fly_one_cm":110929,"minecraft:open_chest":7,"minecraft:crouch_one_cm":3544,"minecraft:play_time":52374,"minecraft:deaths":6,"minecraft:sneak_time":2262,"minecraft:walk_under_water_one_cm":13837,"minecraft:boat_one_cm":79155,"minecraft:jump":892,"minecraft:walk_on_water_one_cm":52965,"minecraft:total_world_time":52374,"minecraft:fall_one_cm":23745}},"DataVersion":3465}