{"stats":{"minecraft:dropped":{"minecraft:daylight_detector":1,"minecraft:wheat_seeds":2,"minecraft:crafting_table":3,"minecraft:granite":6,"graveyard:corruption":1,"minecraft:dirt":1,"minecraft:dark_oak_log":6,"minecraft:diorite":2,"minecraft:torch":1,"minecraft:cut_copper":1,"minecraft:smooth_sandstone_slab":2,"minecraft:smooth_stone":1,"minecraft:dark_oak_planks":20,"minecraft:stone_brick_slab":1,"minecraft:kelp":9,"minecraft:lever":2,"alexsmobs:animal_dictionary":1,"minecraft:pointed_dripstone":1,"minecraft:oak_planks":1,"minecraft:spruce_planks":3,"minecraft:stone_bricks":2,"minecraft:iron_bars":1,"minecraft:cracked_deepslate_bricks":1,"minecraft:polished_granite":1,"minecraft:egg":1},"minecraft:picked_up":{"minecraft:crafting_table":8,"minecraft:waxed_oxidized_cut_copper":9,"minecraft:splash_potion":1,"minecraft:smithing_table":4,"minecraft:string":15,"jeg:revolver":1,"graveyard:corruption":1,"minecraft:smooth_stone":2,"minecraft:beef":9,"minecraft:oak_boat":5,"minecraft:redstone_torch":4,"minecraft:iron_pickaxe":1,"minecraft:sugar_cane":9,"minecraft:chest":2,"minecraft:egg":2,"minecraft:stick":2,"minecraft:raw_iron":4,"minecraft:oak_door":4,"jeg:pistol_ammo":64,"minecraft:copper_ingot":1,"minecraft:torch":2,"minecraft:pointed_dripstone":1,"minecraft:diorite":26,"minecraft:golden_chestplate":1,"minecraft:dark_oak_planks":18,"minecraft:smooth_sandstone_slab":2,"minecraft:rotten_flesh":62,"minecraft:cut_copper":1,"minecraft:cracked_deepslate_bricks":1,"firstaid:bandage":16,"minecraft:iron_bars":1,"minecraft:cobblestone":50,"minecraft:leather":5,"minecraft:oak_log":13,"jeg:scrap":34,"minecraft:golden_boots":1,"minecraft:gunpowder":2,"minecraft:dirt":8,"minecraft:white_banner":1,"minecraft:polished_granite":1,"minecraft:bone":4,"minecraft:stone_bricks":2,"minecraft:kelp":14,"minecraft:wheat_seeds":2,"minecraft:iron_ingot":5,"minecraft:oak_planks":15,"jeg:tech_trash":4,"minecraft:daylight_detector":1,"minecraft:stone_brick_slab":1,"minecraft:sand":26,"minecraft:white_bed":1,"minecraft:dark_oak_log":6,"alexsmobs:animal_dictionary":1,"minecraft:polished_andesite":1,"minecraft:lever":2,"minecraft:granite":6,"minecraft:coal":21},"minecraft:killed_by":{"minecraft:zombie":11},"minecraft:used":{"minecraft:flint_and_steel":14,"minecraft:chest":2,"minecraft:spruce_planks":10,"minecraft:shield":2,"minecraft:iron_sword":216,"minecraft:rotten_flesh":3,"minecraft:oak_door":1,"minecraft:torch":5,"minecraft:dark_oak_planks":12,"jeg:revolver":38,"minecraft:egg":1,"minecraft:water_bucket":130,"minecraft:diorite":24,"minecraft:polished_andesite":1,"minecraft:oak_planks":36,"minecraft:waxed_oxidized_cut_copper":1,"minecraft:crafting_table":8,"minecraft:white_bed":2,"minecraft:redstone_torch":2,"minecraft:iron_pickaxe":161,"minecraft:stone_axe":59,"minecraft:coal_block":1,"minecraft:cobblestone":44,"minecraft:smithing_table":4,"minecraft:bucket":138,"minecraft:oak_boat":5,"minecraft:smooth_stone":1,"minecraft:cobweb":16},"minecraft:crafted":{"minecraft:oak_door":3,"minecraft:oak_planks":52,"minecraft:coal":36,"minecraft:chest":1,"minecraft:dark_oak_planks":28,"sophisticatedbackpacks:iron_backpack":1,"sophisticatedbackpacks:backpack":1,"minecraft:crafting_table":3,"minecraft:bucket":8,"minecraft:stone_axe":1,"minecraft:oak_boat":1,"minecraft:white_wool":3,"minecraft:shield":1,"minecraft:stick":8,"minecraft:iron_pickaxe":1,"minecraft:white_bed":1,"minecraft:torch":4},"minecraft:mined":{"minecraft:dark_oak_planks":1,"minecraft:white_bed":1,"minecraft:oak_door":1,"minecraft:dark_oak_log":3,"minecraft:granite":6,"minecraft:grass_block":3,"minecraft:spawner":4,"horror_element_mod:rotten_body":1,"minecraft:smooth_stone":2,"minecraft:waxed_oxidized_cut_copper":9,"minecraft:iron_ore":4,"minecraft:fire":1,"horror_element_mod:scientist_body":3,"horror_element_mod:severed_hand":1,"minecraft:iron_bars":1,"minecraft:cut_copper":1,"minecraft:stone":31,"minecraft:smithing_table":4,"jeg:scrap_ore":8,"horror_element_mod:beheaded_body":1,"minecraft:stone_brick_slab":1,"minecraft:polished_granite":1,"minecraft:crafting_table":6,"minecraft:chest":2,"minecraft:polished_diorite_slab":1,"minecraft:glass":4,"minecraft:tall_grass":3,"minecraft:cobblestone":15,"minecraft:sugar_cane":4,"minecraft:oak_planks":15,"minecraft:cracked_deepslate_bricks":1,"minecraft:diorite":26,"minecraft:smooth_sandstone_slab":1,"minecraft:grass":8,"minecraft:oak_log":13,"minecraft:coal_ore":12,"horror_element_mod:hospital_bed":1,"minecraft:sand":1,"minecraft:dirt":5,"minecraft:cobweb":13,"minecraft:polished_andesite":1,"minecraft:stone_bricks":3,"minecraft:oak_leaves":3,"minecraft:iron_trapdoor":4,"minecraft:daylight_detector":1},"minecraft:custom":{"minecraft:interact_with_smithing_table":3,"minecraft:mob_kills":44,"minecraft:inspect_hopper":1,"minecraft:interact_with_crafting_table":13,"minecraft:open_barrel":5,"minecraft:damage_dealt_resisted":237,"minecraft:leave_game":6,"minecraft:time_since_death":141,"minecraft:climb_one_cm":12702,"minecraft:sprint_one_cm":101156,"minecraft:walk_one_cm":142967,"minecraft:damage_blocked_by_shield":60,"minecraft:drop":34,"minecraft:damage_dealt_absorbed":81,"minecraft:talked_to_villager":1,"minecraft:play_time":121752,"minecraft:deaths":17,"minecraft:sneak_time":8430,"minecraft:walk_under_water_one_cm":110943,"minecraft:boat_one_cm":156285,"minecraft:jump":1878,"minecraft:walk_on_water_one_cm":142028,"minecraft:total_world_time":121752,"minecraft:interact_with_furnace":2,"minecraft:time_since_rest":376,"minecraft:damage_taken":4316,"minecraft:damage_dealt":9570,"minecraft:swim_one_cm":66897,"minecraft:fly_one_cm":201001,"minecraft:open_chest":48,"minecraft:crouch_one_cm":22458,"minecraft:fall_one_cm":60490},"minecraft:killed":{"graveyard:skeleton_creeper":1,"minecraft:zombie_horse":1,"minecraft:horse":2,"minecraft:drowned":4,"minecraft:skeleton_horse":1,"graveyard:ghoul":1,"minecraft:pillager":1,"minecraft:zombie":24,"minecraft:cow":4}},"DataVersion":3465}