{
  "alexsmobs:alexsmobs/root": {
    "criteria": {
      "useitem": "2024-07-09 05:06:37 +0200"
    },
    "done": true
  },
  "minecraft:recipes/decorations/crafting_table": {
    "criteria": {
      "unlock_right_away": "2024-07-09 05:01:29 +0200"
    },
    "done": true
  },
  "minecraft:husbandry/root": {
    "criteria": {
      "consumed_item": "2024-07-09 05:06:37 +0200"
    },
    "done": true
  },
  "minecraft:adventure/adventuring_time": {
    "criteria": {
      "minecraft:snowy_plains": "2024-07-09 05:02:11 +0200"
    },
    "done": false
  },
  "DataVersion": 3465
}